Participant,group,item,type,condition,answer_correct,response,RT
8624,1,22,filler,TF,no,J,4263
8624,1,1,standard,TT,yes,F,5802
8624,1,8,standard,TT,yes,F,4182
8624,1,15,biscuit,FT,depends,J,3028
8624,1,21,filler,FT,no,J,3865
8624,1,12,biscuit,TF,no,F,4289
8624,1,5,standard,TT,yes,F,2831
8624,1,6,standard,FT,depends,J,3175
8624,1,25,filler,TT,yes,F,4436
8624,1,10,biscuit,TT,yes,F,2956
8624,1,9,standard,FT,depends,J,3840
8624,1,23,filler,TT,yes,F,3895
8624,1,17,biscuit,TF,no,J,2847
8624,1,20,filler,TT,yes,F,4674
8624,1,7,standard,TT,yes,F,3496
8624,1,18,biscuit,FT,depends,F,3843
8624,1,2,standard,TF,no,J,2973
8624,1,27,filler,FT,no,F,4313
8624,1,13,biscuit,TT,yes,F,4676
8624,1,11,biscuit,TF,no,J,3711
8624,1,24,filler,FT,no,J,3859
8624,1,4,standard,TT,yes,F,2841
8624,1,3,standard,FT,depends,J,4053
8624,1,26,filler,TF,no,J,4186
8624,1,16,biscuit,FT,depends,F,4600
8624,1,14,biscuit,TF,no,J,3478
8624,1,19,filler,TF,no,J,3161
4277,1,22,filler,TF,no,J,5074
4277,1,1,standard,TT,yes,F,5515
4277,1,8,standard,TT,yes,F,4880
4277,1,15,biscuit,FT,depends,F,5371
4277,1,21,filler,FT,no,J,7518
4277,1,12,biscuit,TF,no,J,6231
4277,1,5,standard,TT,yes,F,5112
4277,1,6,standard,FT,depends,J,5424
4277,1,25,filler,TT,yes,F,5541
4277,1,10,biscuit,TT,yes,F,4622
4277,1,9,standard,FT,depends,J,4653
4277,1,23,filler,TT,yes,F,5303
4277,1,17,biscuit,TF,no,J,4784
4277,1,20,filler,TT,yes,J,5780
4277,1,7,standard,TT,yes,F,5060
4277,1,18,biscuit,FT,depends,J,5803
4277,1,2,standard,TF,no,J,6357
4277,1,27,filler,FT,no,J,6933
4277,1,13,biscuit,TT,yes,F,7992
4277,1,11,biscuit,TF,no,J,5718
4277,1,24,filler,FT,no,J,5536
4277,1,4,standard,TT,yes,F,4958
4277,1,3,standard,FT,depends,J,4946
4277,1,26,filler,TF,no,J,5465
4277,1,16,biscuit,FT,depends,J,6207
4277,1,14,biscuit,TF,no,J,6360
4277,1,19,filler,TF,no,J,5145
3447,2,22,filler,TT,yes,F,7177
3447,2,1,standard,TF,no,F,5858
3447,2,8,standard,FT,depends,J,4707
3447,2,15,biscuit,TT,yes,J,6202
3447,2,21,filler,TT,yes,F,4161
3447,2,12,biscuit,TT,yes,F,6095
3447,2,5,standard,FT,depends,J,6204
3447,2,6,standard,TT,yes,F,4570
3447,2,25,filler,TF,no,J,5513
3447,2,10,biscuit,TF,no,J,4858
3447,2,9,standard,TT,yes,J,4679
3447,2,23,filler,TT,yes,J,7356
3447,2,17,biscuit,FT,depends,F,4279
3447,2,20,filler,FT,no,J,7202
3447,2,7,standard,TF,no,F,5551
3447,2,18,biscuit,TT,yes,F,9929
3447,2,2,standard,FT,depends,J,4071
3447,2,27,filler,TT,yes,F,6824
3447,2,13,biscuit,TF,no,J,5294
3447,2,11,biscuit,FT,depends,J,5533
3447,2,24,filler,TF,no,J,6671
3447,2,4,standard,TF,no,J,5575
3447,2,3,standard,TT,yes,F,4155
3447,2,26,filler,FT,no,J,9753
3447,2,16,biscuit,TF,no,J,6158
3447,2,14,biscuit,FT,depends,F,8610
3447,2,19,filler,TT,yes,F,5391
6809,3,22,filler,TT,yes,F,1909
6809,3,1,standard,FT,depends,J,2824
6809,3,8,standard,TF,no,F,2003
6809,3,15,biscuit,TF,no,J,2803
6809,3,21,filler,TT,yes,F,2651
6809,3,12,biscuit,FT,depends,F,2996
6809,3,5,standard,TF,no,J,1699
6809,3,6,standard,TF,no,J,1408
6809,3,25,filler,FT,no,F,3512
6809,3,10,biscuit,FT,depends,F,2391
6809,3,9,standard,TF,no,J,2445
6809,3,23,filler,TF,no,J,3044
6809,3,17,biscuit,TT,yes,F,2787
6809,3,20,filler,TT,yes,F,2972
6809,3,7,standard,FT,depends,J,3476
6809,3,18,biscuit,TF,no,J,5859
6809,3,2,standard,TT,yes,F,1896
6809,3,27,filler,TT,yes,F,3069
6809,3,13,biscuit,FT,depends,F,4178
6809,3,11,biscuit,TT,yes,F,3174
6809,3,24,filler,TT,yes,F,2389
6809,3,4,standard,FT,depends,J,3082
6809,3,3,standard,TF,no,J,2206
6809,3,26,filler,TT,yes,F,2165
6809,3,16,biscuit,TT,yes,F,2515
6809,3,14,biscuit,TT,yes,F,2060
6809,3,19,filler,FT,no,F,1776
3474,3,22,filler,TT,yes,F,6524
3474,3,1,standard,FT,depends,J,4026
3474,3,8,standard,TF,no,J,4401
3474,3,15,biscuit,TF,no,J,4338
3474,3,21,filler,TT,yes,F,4385
3474,3,12,biscuit,FT,depends,F,4370
3474,3,5,standard,TF,no,J,4139
3474,3,6,standard,TF,no,J,2867
3474,3,25,filler,FT,no,J,4306
3474,3,10,biscuit,FT,depends,J,2105
3474,3,9,standard,TF,no,F,5792
3474,3,23,filler,TF,no,J,6538
3474,3,17,biscuit,TT,yes,J,6053
3474,3,20,filler,TT,yes,F,6938
3474,3,7,standard,FT,depends,J,3641
3474,3,18,biscuit,TF,no,J,5946
3474,3,2,standard,TT,yes,F,4001
3474,3,27,filler,TT,yes,F,4497
3474,3,13,biscuit,FT,depends,J,6005
3474,3,11,biscuit,TT,yes,F,5155
3474,3,24,filler,TT,yes,F,6194
3474,3,4,standard,FT,depends,J,3601
3474,3,3,standard,TF,no,J,5225
3474,3,26,filler,TT,yes,F,4426
3474,3,16,biscuit,TT,yes,J,9322
3474,3,14,biscuit,TT,yes,F,6522
3474,3,19,filler,FT,no,J,8382
4103,3,22,filler,TT,yes,F,5559
4103,3,1,standard,FT,depends,J,6119
4103,3,8,standard,TF,no,J,5270
4103,3,15,biscuit,TF,no,J,4542
4103,3,21,filler,TT,yes,F,3943
4103,3,12,biscuit,FT,depends,F,7294
4103,3,5,standard,TF,no,J,8638
4103,3,6,standard,TF,no,J,3566
4103,3,25,filler,FT,no,F,6065
4103,3,10,biscuit,FT,depends,F,5662
4103,3,9,standard,TF,no,J,4936
4103,3,23,filler,TF,no,F,4734
4103,3,17,biscuit,TT,yes,F,12775
4103,3,20,filler,TT,yes,F,5591
4103,3,7,standard,FT,depends,J,5959
4103,3,18,biscuit,TF,no,J,4968
4103,3,2,standard,TT,yes,F,2222
4103,3,27,filler,TT,yes,F,5622
4103,3,13,biscuit,FT,depends,J,5033
4103,3,11,biscuit,TT,yes,F,9847
4103,3,24,filler,TT,yes,F,4471
4103,3,4,standard,FT,depends,F,3078
4103,3,3,standard,TF,no,J,5463
4103,3,26,filler,TT,yes,F,18703
4103,3,16,biscuit,TT,yes,F,5422
4103,3,14,biscuit,TT,yes,F,7030
4103,3,19,filler,FT,no,J,7690
7714,2,22,filler,TT,yes,F,3462
7714,2,1,standard,TF,no,J,2962
7714,2,8,standard,FT,depends,F,4186
7714,2,15,biscuit,TT,yes,F,2847
7714,2,21,filler,TT,yes,F,2853
7714,2,12,biscuit,TT,yes,F,3280
7714,2,5,standard,FT,depends,F,3807
7714,2,6,standard,TT,yes,F,4425
7714,2,25,filler,TF,no,J,4920
7714,2,10,biscuit,TF,no,J,4383
7714,2,9,standard,TT,yes,F,3514
7714,2,23,filler,TT,yes,F,4848
7714,2,17,biscuit,FT,depends,F,4438
7714,2,20,filler,FT,no,F,6371
7714,2,7,standard,TF,no,J,4444
7714,2,18,biscuit,TT,yes,F,3650
7714,2,2,standard,FT,depends,J,5127
7714,2,27,filler,TT,yes,F,9204
7714,2,13,biscuit,TF,no,J,4417
7714,2,11,biscuit,FT,depends,F,5341
7714,2,24,filler,TF,no,J,8734
7714,2,4,standard,TF,no,J,3355
7714,2,3,standard,TT,yes,F,3784
7714,2,26,filler,FT,no,F,4532
7714,2,16,biscuit,TF,no,J,4648
7714,2,14,biscuit,FT,depends,F,7188
7714,2,19,filler,TT,yes,F,4169
351,3,22,filler,TT,yes,F,7726
351,3,1,standard,FT,depends,J,4019
351,3,8,standard,TF,no,J,3782
351,3,15,biscuit,TF,no,J,2980
351,3,21,filler,TT,yes,F,4131
351,3,12,biscuit,FT,depends,J,4129
351,3,5,standard,TF,no,J,4033
351,3,6,standard,TF,no,J,2550
351,3,25,filler,FT,no,F,3854
351,3,10,biscuit,FT,depends,F,7404
351,3,9,standard,TF,no,J,3247
351,3,23,filler,TF,no,J,6610
351,3,17,biscuit,TT,yes,F,5697
351,3,20,filler,TT,yes,F,4883
351,3,7,standard,FT,depends,J,3093
351,3,18,biscuit,TF,no,J,4432
351,3,2,standard,TT,yes,F,3815
351,3,27,filler,TT,yes,F,5079
351,3,13,biscuit,FT,depends,J,4795
351,3,11,biscuit,TT,yes,F,9653
351,3,24,filler,TT,yes,F,3564
351,3,4,standard,FT,depends,J,2797
351,3,3,standard,TF,no,J,4954
351,3,26,filler,TT,yes,F,4919
351,3,16,biscuit,TT,yes,F,3686
351,3,14,biscuit,TT,yes,F,5710
351,3,19,filler,FT,no,J,4224
7139,2,22,filler,TT,yes,F,4737
7139,2,1,standard,TF,no,J,4305
7139,2,8,standard,FT,depends,F,4643
7139,2,15,biscuit,TT,yes,J,5141
7139,2,21,filler,TT,yes,F,5558
7139,2,12,biscuit,TT,yes,F,4601
7139,2,5,standard,FT,depends,F,2850
7139,2,6,standard,TT,yes,F,3120
7139,2,25,filler,TF,no,J,4320
7139,2,10,biscuit,TF,no,J,5767
7139,2,9,standard,TT,yes,F,3876
7139,2,23,filler,TT,yes,F,3637
7139,2,17,biscuit,FT,depends,F,4282
7139,2,20,filler,FT,no,J,4216
7139,2,7,standard,TF,no,J,3240
7139,2,18,biscuit,TT,yes,F,7029
7139,2,2,standard,FT,depends,J,3429
7139,2,27,filler,TT,yes,J,8070
7139,2,13,biscuit,TF,no,J,3440
7139,2,11,biscuit,FT,depends,J,16896
7139,2,24,filler,TF,no,J,6615
7139,2,4,standard,TF,no,J,3137
7139,2,3,standard,TT,yes,F,3933
7139,2,26,filler,FT,no,F,4468
7139,2,16,biscuit,TF,no,J,4245
7139,2,14,biscuit,FT,depends,F,8951
7139,2,19,filler,TT,yes,F,3813
4906,1,22,filler,TF,no,F,2430
4906,1,1,standard,TT,yes,F,2167
4906,1,8,standard,TT,yes,F,1978
4906,1,15,biscuit,FT,depends,F,2616
4906,1,21,filler,FT,no,F,2682
4906,1,12,biscuit,TF,no,F,4981
4906,1,5,standard,TT,yes,F,2616
4906,1,6,standard,FT,depends,J,3871
4906,1,25,filler,TT,yes,F,3585
4906,1,10,biscuit,TT,yes,F,2737
4906,1,9,standard,FT,depends,J,3034
4906,1,23,filler,TT,yes,F,2990
4906,1,17,biscuit,TF,no,J,2858
4906,1,20,filler,TT,yes,F,6092
4906,1,7,standard,TT,yes,F,3287
4906,1,18,biscuit,FT,depends,F,2792
4906,1,2,standard,TF,no,J,2914
4906,1,27,filler,FT,no,J,4266
4906,1,13,biscuit,TT,yes,F,4497
4906,1,11,biscuit,TF,no,J,3420
4906,1,24,filler,FT,no,F,3112
4906,1,4,standard,TT,yes,F,2309
4906,1,3,standard,FT,depends,J,2430
4906,1,26,filler,TF,no,J,3354
4906,1,16,biscuit,FT,depends,F,2693
4906,1,14,biscuit,TF,no,J,3540
4906,1,19,filler,TF,no,J,2617
4876,1,22,filler,TF,no,J,4828
4876,1,1,standard,TT,yes,F,3608
4876,1,8,standard,TT,yes,F,4367
4876,1,21,filler,FT,no,J,5195
4876,1,15,biscuit,FT,depends,J,6637
4876,1,12,biscuit,TF,no,J,7031
4876,1,5,standard,TT,yes,F,4782
4876,1,6,standard,FT,depends,J,3552
4876,1,25,filler,TT,yes,F,4345
4876,1,10,biscuit,TT,yes,F,4479
4876,1,9,standard,FT,depends,J,4874
4876,1,23,filler,TT,yes,F,4848
4876,1,17,biscuit,TF,no,J,3897
4876,1,20,filler,TT,yes,F,4589
4876,1,7,standard,TT,yes,F,3843
4876,1,18,biscuit,FT,depends,F,4733
4876,1,2,standard,TF,no,J,5038
4876,1,27,filler,FT,no,J,5964
4876,1,13,biscuit,TT,yes,F,8427
4876,1,11,biscuit,TF,no,J,4502
4876,1,24,filler,FT,no,J,6163
4876,1,4,standard,TT,yes,F,4219
4876,1,3,standard,FT,depends,J,3791
4876,1,26,filler,TF,no,J,3857
4876,1,16,biscuit,FT,depends,F,5102
4876,1,14,biscuit,TF,no,J,5049
4876,1,19,filler,TF,no,J,4200
1877,2,22,filler,TT,yes,F,2355
1877,2,1,standard,TF,no,F,1583
1877,2,8,standard,FT,depends,F,1951
1877,2,15,biscuit,TT,yes,F,2699
1877,2,21,filler,TT,yes,F,2279
1877,2,12,biscuit,TT,yes,F,3399
1877,2,5,standard,FT,depends,J,2244
1877,2,6,standard,TT,yes,F,1887
1877,2,25,filler,TF,no,J,3216
1877,2,10,biscuit,TF,no,J,2580
1877,2,9,standard,TT,yes,F,2439
1877,2,23,filler,TT,yes,F,2939
1877,2,17,biscuit,FT,depends,J,2471
1877,2,20,filler,FT,no,J,2979
1877,2,7,standard,TF,no,J,2475
1877,2,18,biscuit,TT,yes,F,2453
1877,2,2,standard,FT,depends,J,2515
1877,2,27,filler,TT,yes,F,3175
1877,2,13,biscuit,TF,no,J,2905
1877,2,11,biscuit,FT,depends,J,2833
1877,2,24,filler,TF,no,J,2687
1877,2,4,standard,TF,no,J,2427
1877,2,3,standard,TT,yes,F,2635
1877,2,26,filler,FT,no,J,3691
1877,2,16,biscuit,TF,no,J,2469
1877,2,14,biscuit,FT,depends,J,3233
1877,2,19,filler,TT,yes,F,2075
9470,1,22,filler,TF,no,J,9125
9470,1,1,standard,TT,yes,F,6339
9470,1,8,standard,TT,yes,F,5677
9470,1,15,biscuit,FT,depends,F,6211
9470,1,21,filler,FT,no,F,4805
9470,1,12,biscuit,TF,no,F,7036
9470,1,5,standard,TT,yes,F,5195
9470,1,6,standard,FT,depends,F,3292
9470,1,25,filler,TT,yes,F,5835
9470,1,10,biscuit,TT,yes,F,3572
9470,1,9,standard,FT,depends,F,3819
9470,1,23,filler,TT,yes,F,4188
9470,1,17,biscuit,TF,no,J,4571
9470,1,20,filler,TT,yes,F,6253
9470,1,7,standard,TT,yes,F,4187
9470,1,18,biscuit,FT,depends,F,5476
9470,1,2,standard,TF,no,J,4644
9470,1,27,filler,FT,no,J,8116
9470,1,13,biscuit,TT,yes,F,4250
9470,1,11,biscuit,TF,no,J,5755
9470,1,24,filler,FT,no,J,7771
9470,1,4,standard,TT,yes,F,3834
9470,1,3,standard,FT,depends,J,6133
9470,1,26,filler,TF,no,J,4603
9470,1,16,biscuit,FT,depends,J,9019
9470,1,14,biscuit,TF,no,J,5770
9470,1,19,filler,TF,no,J,3667
7396,1,22,filler,TF,no,J,6933
7396,1,1,standard,TT,yes,F,5483
7396,1,8,standard,TT,yes,F,4296
7396,1,15,biscuit,FT,depends,J,6147
7396,1,21,filler,FT,no,J,4779
7396,1,12,biscuit,TF,no,F,5860
7396,1,5,standard,TT,yes,F,5084
7396,1,6,standard,FT,depends,J,4172
7396,1,25,filler,TT,yes,F,6531
7396,1,10,biscuit,TT,yes,F,4300
7396,1,9,standard,FT,depends,J,5516
7396,1,23,filler,TT,yes,F,5132
7396,1,17,biscuit,TF,no,J,4277
7396,1,20,filler,TT,yes,J,4427
7396,1,7,standard,TT,yes,F,3332
7396,1,18,biscuit,FT,depends,F,6212
7396,1,2,standard,TF,no,J,4196
7396,1,27,filler,FT,no,J,5636
7396,1,13,biscuit,TT,yes,F,6772
7396,1,11,biscuit,TF,no,J,6068
7396,1,24,filler,FT,no,J,7509
7396,1,4,standard,TT,yes,F,3715
7396,1,3,standard,FT,depends,J,6196
7396,1,26,filler,TF,no,J,5148
7396,1,16,biscuit,FT,depends,F,10325
7396,1,14,biscuit,TF,no,J,7339
7396,1,19,filler,TF,no,J,6620
3617,2,22,filler,TT,yes,F,5028
3617,2,1,standard,TF,no,J,3575
3617,2,8,standard,FT,depends,J,4204
3617,2,15,biscuit,TT,yes,J,4765
3617,2,21,filler,TT,yes,F,5119
3617,2,12,biscuit,TT,yes,F,4958
3617,2,5,standard,FT,depends,J,3901
3617,2,6,standard,TT,yes,F,2734
3617,2,25,filler,TF,no,J,4814
3617,2,10,biscuit,TF,no,J,3967
3617,2,9,standard,TT,yes,F,3546
3617,2,23,filler,TT,yes,F,3522
3617,2,17,biscuit,FT,depends,J,5998
3617,2,20,filler,FT,no,J,11455
3617,2,7,standard,TF,no,J,4363
3617,2,18,biscuit,TT,yes,F,4719
3617,2,2,standard,FT,depends,J,3660
3617,2,27,filler,TT,yes,F,5553
3617,2,13,biscuit,TF,no,J,3387
3617,2,11,biscuit,FT,depends,J,6083
3617,2,24,filler,TF,no,J,3804
3617,2,4,standard,TF,no,J,5309
3617,2,3,standard,TT,yes,F,3134
3617,2,26,filler,FT,no,J,6032
3617,2,16,biscuit,TF,no,J,4769
3617,2,14,biscuit,FT,depends,J,3835
3617,2,19,filler,TT,yes,F,3742
8464,2,22,filler,TT,yes,J,3946
8464,2,1,standard,TF,no,J,6210
8464,2,8,standard,FT,depends,J,4718
8464,2,15,biscuit,TT,yes,F,5783
8464,2,21,filler,TT,yes,F,4743
8464,2,12,biscuit,TT,yes,F,6246
8464,2,5,standard,FT,depends,J,6850
8464,2,6,standard,TT,yes,F,3869
8464,2,25,filler,TF,no,J,4378
8464,2,10,biscuit,TF,no,J,5003
8464,2,9,standard,TT,yes,F,3587
8464,2,23,filler,TT,yes,J,4692
8464,2,17,biscuit,FT,depends,J,4772
8464,2,20,filler,FT,no,J,5763
8464,2,7,standard,TF,no,J,6331
8464,2,18,biscuit,TT,yes,F,4616
8464,2,2,standard,FT,depends,J,3027
8464,2,27,filler,TT,yes,F,6396
8464,2,13,biscuit,TF,no,J,3948
8464,2,11,biscuit,FT,depends,J,7003
8464,2,24,filler,TF,no,J,8195
8464,2,4,standard,TF,no,J,6051
8464,2,3,standard,TT,yes,F,4362
8464,2,26,filler,FT,no,J,6391
8464,2,16,biscuit,TF,no,J,6010
8464,2,14,biscuit,FT,depends,F,9519
8464,2,19,filler,TT,yes,F,4602
1645,3,22,filler,TT,yes,J,6728
1645,3,1,standard,FT,depends,F,3508
1645,3,8,standard,TF,no,J,3879
1645,3,15,biscuit,TF,no,J,3385
1645,3,21,filler,TT,yes,F,4204
1645,3,12,biscuit,FT,depends,J,9958
1645,3,5,standard,TF,no,J,3213
1645,3,6,standard,TF,no,J,2459
1645,3,25,filler,FT,no,F,7453
1645,3,10,biscuit,FT,depends,F,4668
1645,3,9,standard,TF,no,J,3487
1645,3,23,filler,TF,no,F,5278
1645,3,17,biscuit,TT,yes,F,3254
1645,3,20,filler,TT,yes,F,4280
1645,3,7,standard,FT,depends,J,3665
1645,3,18,biscuit,TF,no,J,3953
1645,3,2,standard,TT,yes,F,3102
1645,3,27,filler,TT,yes,F,5129
1645,3,13,biscuit,FT,depends,F,6321
1645,3,11,biscuit,TT,yes,F,3696
1645,3,24,filler,TT,yes,F,3659
1645,3,4,standard,FT,depends,J,3516
1645,3,3,standard,TF,no,J,5016
1645,3,26,filler,TT,yes,F,5813
1645,3,16,biscuit,TT,yes,F,4033
1645,3,14,biscuit,TT,yes,F,4591
1645,3,19,filler,FT,no,J,4056
108,2,22,filler,TT,yes,F,7814
108,2,1,standard,TF,no,J,3567
108,2,8,standard,FT,depends,J,7127
108,2,15,biscuit,TT,yes,F,4541
108,2,21,filler,TT,yes,F,6590
108,2,12,biscuit,TT,yes,F,3704
108,2,5,standard,FT,depends,F,4206
108,2,6,standard,TT,yes,F,6824
108,2,25,filler,TF,no,J,5358
108,2,10,biscuit,TF,no,J,4039
108,2,9,standard,TT,yes,F,4223
108,2,23,filler,TT,yes,F,4110
108,2,17,biscuit,FT,depends,F,3991
108,2,20,filler,FT,no,J,6655
108,2,7,standard,TF,no,J,5319
108,2,18,biscuit,TT,yes,F,8823
108,2,2,standard,FT,depends,J,3655
108,2,27,filler,TT,yes,F,5663
108,2,13,biscuit,TF,no,J,4975
108,2,11,biscuit,FT,depends,F,9342
108,2,24,filler,TF,no,J,5766
108,2,4,standard,TF,no,J,3287
108,2,3,standard,TT,yes,F,3502
108,2,26,filler,FT,no,F,10711
108,2,16,biscuit,TF,no,J,7521
108,2,14,biscuit,FT,depends,F,5171
108,2,19,filler,TT,yes,F,7086
8898,3,22,filler,TT,yes,F,5011
8898,3,1,standard,FT,depends,F,2997
8898,3,8,standard,TF,no,J,4987
8898,3,15,biscuit,TF,no,J,3483
8898,3,21,filler,TT,yes,F,3640
8898,3,12,biscuit,FT,depends,F,8764
8898,3,5,standard,TF,no,J,2860
8898,3,6,standard,TF,no,J,2536
8898,3,25,filler,FT,no,F,4773
8898,3,10,biscuit,FT,depends,F,4806
8898,3,9,standard,TF,no,J,3332
8898,3,23,filler,TF,no,J,4288
8898,3,17,biscuit,TT,yes,F,3599
8898,3,20,filler,TT,yes,F,4635
8898,3,7,standard,FT,depends,J,2347
8898,3,18,biscuit,TF,no,J,6159
8898,3,2,standard,TT,yes,F,3374
8898,3,27,filler,TT,yes,F,9825
8898,3,13,biscuit,FT,depends,F,3221
8898,3,11,biscuit,TT,yes,F,4963
8898,3,24,filler,TT,yes,F,4425
8898,3,4,standard,FT,depends,J,2741
8898,3,3,standard,TF,no,J,3783
8898,3,26,filler,TT,yes,F,4162
8898,3,16,biscuit,TT,yes,F,5513
8898,3,14,biscuit,TT,yes,F,4297
8898,3,19,filler,FT,no,F,4416
3282,1,22,filler,TF,no,J,3371
3282,1,1,standard,TT,yes,F,2755
3282,1,8,standard,TT,yes,F,2818
3282,1,15,biscuit,FT,depends,J,3322
3282,1,21,filler,FT,no,J,3634
3282,1,12,biscuit,TF,no,J,4330
3282,1,5,standard,TT,yes,F,2180
3282,1,6,standard,FT,depends,J,2411
3282,1,25,filler,TT,yes,J,2431
3282,1,10,biscuit,TT,yes,F,2554
3282,1,9,standard,FT,depends,J,2587
3282,1,23,filler,TT,yes,F,2954
3282,1,17,biscuit,TF,no,J,2664
3282,1,20,filler,TT,yes,F,2420
3282,1,7,standard,TT,yes,F,2165
3282,1,18,biscuit,FT,depends,F,2757
3282,1,2,standard,TF,no,J,3414
3282,1,27,filler,FT,no,J,3669
3282,1,13,biscuit,TT,yes,F,2812
3282,1,11,biscuit,TF,no,F,2408
3282,1,24,filler,FT,no,F,3125
3282,1,4,standard,TT,yes,F,3783
3282,1,3,standard,FT,depends,J,4317
3282,1,26,filler,TF,no,J,4187
3282,1,16,biscuit,FT,depends,J,4618
3282,1,14,biscuit,TF,no,J,2615
3282,1,19,filler,TF,no,J,2550
7361,2,22,filler,TT,yes,F,9334
7361,2,1,standard,TF,no,J,5644
7361,2,8,standard,FT,depends,J,4896
7361,2,15,biscuit,TT,yes,F,5062
7361,2,21,filler,TT,yes,F,3196
7361,2,12,biscuit,TT,yes,F,6341
7361,2,5,standard,FT,depends,J,3736
7361,2,6,standard,TT,yes,F,4270
7361,2,25,filler,TF,no,J,5026
7361,2,10,biscuit,TF,no,J,4408
7361,2,9,standard,TT,yes,F,4614
7361,2,23,filler,TT,yes,F,6828
7361,2,17,biscuit,FT,depends,J,4178
7361,2,20,filler,FT,no,J,6766
7361,2,7,standard,TF,no,J,5431
7361,2,18,biscuit,TT,yes,F,6231
7361,2,2,standard,FT,depends,J,5923
7361,2,27,filler,TT,yes,F,17265
7361,2,13,biscuit,TF,no,J,5050
7361,2,11,biscuit,FT,depends,F,7818
7361,2,24,filler,TF,no,J,4199
7361,2,4,standard,TF,no,J,5312
7361,2,3,standard,TT,yes,F,4587
7361,2,26,filler,FT,no,F,9524
7361,2,16,biscuit,TF,no,J,4580
7361,2,14,biscuit,FT,depends,F,16080
7361,2,19,filler,TT,yes,F,4009
4346,3,22,filler,TT,yes,F,3452
4346,3,1,standard,FT,depends,J,2696
4346,3,8,standard,TF,no,J,2148
4346,3,15,biscuit,TF,no,J,1709
4346,3,21,filler,TT,yes,F,1814
4346,3,12,biscuit,FT,depends,F,3185
4346,3,5,standard,TF,no,J,3981
4346,3,6,standard,TF,no,J,2528
4346,3,25,filler,FT,no,F,2636
4346,3,10,biscuit,FT,depends,F,5617
4346,3,9,standard,TF,no,J,2095
4346,3,23,filler,TF,no,J,2774
4346,3,17,biscuit,TT,yes,F,2500
4346,3,20,filler,TT,yes,F,4276
4346,3,7,standard,FT,depends,J,2752
4346,3,18,biscuit,TF,no,J,4388
4346,3,2,standard,TT,yes,F,2824
4346,3,27,filler,TT,yes,F,2940
4346,3,13,biscuit,FT,depends,J,3324
4346,3,11,biscuit,TT,yes,F,4767
4346,3,24,filler,TT,yes,F,2227
4346,3,4,standard,FT,depends,J,2015
4346,3,3,standard,TF,no,J,2366
4346,3,26,filler,TT,yes,F,2688
4346,3,16,biscuit,TT,yes,F,3896
4346,3,14,biscuit,TT,yes,F,3157
4346,3,19,filler,FT,no,J,2942
2107,3,22,filler,TT,yes,F,2922
2107,3,1,standard,FT,depends,J,2918
2107,3,8,standard,TF,no,J,2787
2107,3,15,biscuit,TF,no,J,2298
2107,3,21,filler,TT,yes,F,3417
2107,3,12,biscuit,FT,depends,F,4070
2107,3,5,standard,TF,no,J,2743
2107,3,6,standard,TF,no,J,2121
2107,3,25,filler,FT,no,F,4444
2107,3,10,biscuit,FT,depends,J,5426
2107,3,9,standard,TF,no,J,3608
2107,3,23,filler,TF,no,J,5117
2107,3,17,biscuit,TT,yes,F,2243
2107,3,20,filler,TT,yes,F,5042
2107,3,7,standard,FT,depends,J,2094
2107,3,18,biscuit,TF,no,J,3916
2107,3,2,standard,TT,yes,F,2950
2107,3,27,filler,TT,yes,F,3522
2107,3,13,biscuit,FT,depends,F,4817
2107,3,11,biscuit,TT,yes,F,4546
2107,3,24,filler,TT,yes,F,3149
2107,3,4,standard,FT,depends,J,2340
2107,3,3,standard,TF,no,J,4537
2107,3,26,filler,TT,yes,F,4959
2107,3,16,biscuit,TT,yes,F,3313
2107,3,14,biscuit,TT,yes,F,2919
2107,3,19,filler,FT,no,J,3962
6161,3,22,filler,TT,yes,F,3151
6161,3,1,standard,FT,depends,J,2908
6161,3,8,standard,TF,no,J,2301
6161,3,15,biscuit,TF,no,J,3246
6161,3,21,filler,TT,yes,F,3163
6161,3,12,biscuit,FT,depends,F,2372
6161,3,5,standard,TF,no,J,1982
6161,3,6,standard,TF,no,J,2162
6161,3,25,filler,FT,no,F,2851
6161,3,10,biscuit,FT,depends,F,6657
6161,3,9,standard,TF,no,J,3062
6161,3,23,filler,TF,no,J,4233
6161,3,17,biscuit,TT,yes,F,3108
6161,3,20,filler,TT,yes,F,4174
6161,3,7,standard,FT,depends,J,2550
6161,3,18,biscuit,TF,no,J,3362
6161,3,2,standard,TT,yes,F,2500
6161,3,27,filler,TT,yes,F,4474
6161,3,13,biscuit,FT,depends,F,2278
6161,3,11,biscuit,TT,yes,F,2189
6161,3,24,filler,TT,yes,F,2564
6161,3,4,standard,FT,depends,J,2416
6161,3,3,standard,TF,no,J,4208
6161,3,26,filler,TT,yes,F,2344
6161,3,16,biscuit,TT,yes,F,4807
6161,3,14,biscuit,TT,yes,F,2328
6161,3,19,filler,FT,no,J,2586
2507,3,22,filler,TT,yes,F,7788
2507,3,1,standard,FT,depends,F,9937
2507,3,8,standard,TF,no,F,15799
2507,3,15,biscuit,TF,no,J,8533
2507,3,21,filler,TT,yes,F,11097
2507,3,12,biscuit,FT,depends,F,9834
2507,3,5,standard,TF,no,J,8018
2507,3,6,standard,TF,no,J,13938
2507,3,25,filler,FT,no,J,9297
2507,3,10,biscuit,FT,depends,F,9165
2507,3,9,standard,TF,no,F,9188
2507,3,23,filler,TF,no,J,12336
2507,3,17,biscuit,TT,yes,J,6709
2507,3,20,filler,TT,yes,J,12211
2507,3,7,standard,FT,depends,J,6177
2507,3,18,biscuit,TF,no,J,15087
2507,3,2,standard,TT,yes,F,7160
2507,3,27,filler,TT,yes,F,9280
2507,3,13,biscuit,FT,depends,F,9319
2507,3,11,biscuit,TT,yes,F,10873
2507,3,24,filler,TT,yes,F,8543
2507,3,4,standard,FT,depends,J,8897
2507,3,3,standard,TF,no,J,18462
2507,3,26,filler,TT,yes,F,7153
2507,3,16,biscuit,TT,yes,F,6367
2507,3,14,biscuit,TT,yes,F,7045
2507,3,19,filler,FT,no,J,7727
3277,1,22,filler,TF,no,J,3389
3277,1,1,standard,TT,yes,F,2990
3277,1,8,standard,TT,yes,F,2334
3277,1,15,biscuit,FT,depends,J,3695
3277,1,21,filler,FT,no,F,3261
3277,1,12,biscuit,TF,no,F,5699
3277,1,5,standard,TT,yes,F,2028
3277,1,6,standard,FT,depends,J,2236
3277,1,25,filler,TT,yes,F,2915
3277,1,10,biscuit,TT,yes,F,2601
3277,1,9,standard,FT,depends,J,3207
3277,1,23,filler,TT,yes,F,2326
3277,1,17,biscuit,TF,no,J,2372
3277,1,20,filler,TT,yes,F,4117
3277,1,7,standard,TT,yes,F,3415
3277,1,18,biscuit,FT,depends,F,3268
3277,1,2,standard,TF,no,J,2140
3277,1,27,filler,FT,no,J,2721
3277,1,13,biscuit,TT,yes,F,4190
3277,1,11,biscuit,TF,no,J,3158
3277,1,24,filler,FT,no,F,2796
3277,1,4,standard,TT,yes,F,2010
3277,1,3,standard,FT,depends,J,2452
3277,1,26,filler,TF,no,J,3385
3277,1,16,biscuit,FT,depends,F,3931
3277,1,14,biscuit,TF,no,J,3457
3277,1,19,filler,TF,no,J,2358
2848,2,22,filler,TT,yes,F,2494
2848,2,1,standard,TF,no,J,3416
2848,2,8,standard,FT,depends,J,2862
2848,2,15,biscuit,TT,yes,F,2288
2848,2,21,filler,TT,yes,F,3011
2848,2,12,biscuit,TT,yes,F,2749
2848,2,5,standard,FT,depends,F,2830
2848,2,6,standard,TT,yes,F,1946
2848,2,25,filler,TF,no,J,2688
2848,2,10,biscuit,TF,no,J,3529
2848,2,9,standard,TT,yes,F,2226
2848,2,23,filler,TT,yes,F,3028
2848,2,17,biscuit,FT,depends,J,3018
2848,2,20,filler,FT,no,J,3594
2848,2,7,standard,TF,no,J,3763
2848,2,18,biscuit,TT,yes,F,4637
2848,2,2,standard,FT,depends,F,2614
2848,2,27,filler,TT,yes,F,3412
2848,2,13,biscuit,TF,no,J,3112
2848,2,11,biscuit,FT,depends,J,4593
2848,2,24,filler,TF,no,J,4780
2848,2,4,standard,TF,no,F,3166
2848,2,3,standard,TT,yes,F,3822
2848,2,26,filler,FT,no,F,3801
2848,2,16,biscuit,TF,no,J,4262
2848,2,14,biscuit,FT,depends,J,4798
2848,2,19,filler,TT,yes,J,4038
205,1,22,filler,TF,no,J,3811
205,1,1,standard,TT,yes,F,1738
205,1,8,standard,TT,yes,F,3210
205,1,15,biscuit,FT,depends,F,3267
205,1,21,filler,FT,no,J,3276
205,1,12,biscuit,TF,no,J,5619
205,1,5,standard,TT,yes,F,2456
205,1,6,standard,FT,depends,J,2628
205,1,25,filler,TT,yes,F,4173
205,1,10,biscuit,TT,yes,F,2878
205,1,9,standard,FT,depends,J,2151
205,1,23,filler,TT,yes,F,2889
205,1,17,biscuit,TF,no,J,2504
205,1,20,filler,TT,yes,F,4138
205,1,7,standard,TT,yes,F,2331
205,1,18,biscuit,FT,depends,F,3958
205,1,2,standard,TF,no,J,2128
205,1,27,filler,FT,no,J,2821
205,1,13,biscuit,TT,yes,F,3452
205,1,11,biscuit,TF,no,J,2775
205,1,24,filler,FT,no,J,2249
205,1,4,standard,TT,yes,F,2908
205,1,3,standard,FT,depends,J,2980
205,1,26,filler,TF,no,F,2353
205,1,16,biscuit,FT,depends,F,3920
205,1,14,biscuit,TF,no,J,3924
205,1,19,filler,TF,no,J,2807
9481,3,22,filler,TT,yes,F,7845
9481,3,1,standard,FT,depends,J,10334
9481,3,8,standard,TF,no,J,8621
9481,3,15,biscuit,TF,no,J,8654
9481,3,21,filler,TT,yes,F,8941
9481,3,12,biscuit,FT,depends,F,10333
9481,3,5,standard,TF,no,J,8067
9481,3,6,standard,TF,no,J,6392
9481,3,25,filler,FT,no,F,5085
9481,3,10,biscuit,FT,depends,J,11093
9481,3,9,standard,TF,no,J,14206
9481,3,23,filler,TF,no,F,14556
9481,3,17,biscuit,TT,yes,F,11676
9481,3,20,filler,TT,yes,J,8559
9481,3,7,standard,FT,depends,F,7293
9481,3,18,biscuit,TF,no,J,8845
9481,3,2,standard,TT,yes,F,10077
9481,3,27,filler,TT,yes,F,9659
9481,3,13,biscuit,FT,depends,F,7527
9481,3,11,biscuit,TT,yes,F,8039
9481,3,24,filler,TT,yes,F,7935
9481,3,4,standard,FT,depends,J,7846
9481,3,3,standard,TF,no,F,8967
9481,3,26,filler,TT,yes,F,7840
9481,3,16,biscuit,TT,yes,F,7755
9481,3,14,biscuit,TT,yes,F,9192
9481,3,19,filler,FT,no,J,7821
4021,3,22,filler,TT,yes,F,7141
4021,3,1,standard,FT,depends,J,9891
4021,3,8,standard,TF,no,J,5292
4021,3,15,biscuit,TF,no,J,7331
4021,3,21,filler,TT,yes,F,6891
4021,3,12,biscuit,FT,depends,F,10227
4021,3,5,standard,TF,no,J,4764
4021,3,6,standard,TF,no,J,4764
4021,3,25,filler,FT,no,F,5388
4021,3,10,biscuit,FT,depends,F,4708
4021,3,9,standard,TF,no,J,5243
4021,3,23,filler,TF,no,J,6740
4021,3,17,biscuit,TT,yes,F,4972
4021,3,20,filler,TT,yes,F,7332
4021,3,7,standard,FT,depends,J,4303
4021,3,18,biscuit,TF,no,J,6773
4021,3,2,standard,TT,yes,F,5892
4021,3,27,filler,TT,yes,F,5443
4021,3,13,biscuit,FT,depends,J,7043
4021,3,11,biscuit,TT,yes,F,5229
4021,3,24,filler,TT,yes,F,5989
4021,3,4,standard,FT,depends,J,5251
4021,3,3,standard,TF,no,J,7053
4021,3,26,filler,TT,yes,F,7156
4021,3,16,biscuit,TT,yes,F,9402
4021,3,14,biscuit,TT,yes,F,4885
4021,3,19,filler,FT,no,J,5913
4758,2,22,filler,TT,yes,F,2719
4758,2,1,standard,TF,no,J,4149
4758,2,8,standard,FT,depends,J,3910
4758,2,15,biscuit,TT,yes,J,4020
4758,2,21,filler,TT,yes,F,2612
4758,2,12,biscuit,TT,yes,F,3669
4758,2,5,standard,FT,depends,J,3320
4758,2,6,standard,TT,yes,F,2355
4758,2,25,filler,TF,no,J,3215
4758,2,10,biscuit,TF,no,J,2525
4758,2,9,standard,TT,yes,F,2528
4758,2,23,filler,TT,yes,F,2589
4758,2,17,biscuit,FT,depends,J,2877
4758,2,20,filler,FT,no,J,5281
4758,2,7,standard,TF,no,J,4196
4758,2,18,biscuit,TT,yes,F,3462
4758,2,2,standard,FT,depends,J,2390
4758,2,27,filler,TT,yes,J,2669
4758,2,13,biscuit,TF,no,J,2164
4758,2,11,biscuit,FT,depends,J,5496
4758,2,24,filler,TF,no,J,2854
4758,2,4,standard,TF,no,J,3242
4758,2,3,standard,TT,yes,F,2870
4758,2,26,filler,FT,no,J,3432
4758,2,16,biscuit,TF,no,J,3118
4758,2,14,biscuit,FT,depends,F,3176
4758,2,19,filler,TT,yes,F,2645
8697,1,22,filler,TF,no,J,3407
8697,1,1,standard,TT,yes,F,2455
8697,1,8,standard,TT,yes,F,2853
8697,1,15,biscuit,FT,depends,J,3775
8697,1,21,filler,FT,no,F,2901
8697,1,12,biscuit,TF,no,J,4222
8697,1,5,standard,TT,yes,F,2454
8697,1,6,standard,FT,depends,F,2255
8697,1,25,filler,TT,yes,F,3575
8697,1,10,biscuit,TT,yes,F,3501
8697,1,9,standard,FT,depends,F,3088
8697,1,23,filler,TT,yes,F,3093
8697,1,17,biscuit,TF,no,J,2919
8697,1,20,filler,TT,yes,F,2646
8697,1,7,standard,TT,yes,F,2182
8697,1,18,biscuit,FT,depends,F,2887
8697,1,2,standard,TF,no,J,2639
8697,1,27,filler,FT,no,F,4368
8697,1,13,biscuit,TT,yes,F,3167
8697,1,11,biscuit,TF,no,J,3864
8697,1,24,filler,FT,no,F,3150
8697,1,4,standard,TT,yes,F,2375
8697,1,3,standard,FT,depends,F,2358
8697,1,26,filler,TF,no,J,3646
8697,1,16,biscuit,FT,depends,F,2719
8697,1,14,biscuit,TF,no,J,3461
8697,1,19,filler,TF,no,J,3007
8910,2,22,filler,TT,yes,F,1911
8910,2,1,standard,TF,no,F,1533
8910,2,8,standard,FT,depends,J,1896
8910,2,15,biscuit,TT,yes,F,2516
8910,2,21,filler,TT,yes,J,2049
8910,2,12,biscuit,TT,yes,F,2781
8910,2,5,standard,FT,depends,F,1426
8910,2,6,standard,TT,yes,F,1371
8910,2,25,filler,TF,no,J,1659
8910,2,10,biscuit,TF,no,J,2456
8910,2,9,standard,TT,yes,F,1991
8910,2,23,filler,TT,yes,F,1591
8910,2,17,biscuit,FT,depends,J,2154
8910,2,20,filler,FT,no,J,1852
8910,2,7,standard,TF,no,J,2346
8910,2,18,biscuit,TT,yes,F,2349
8910,2,2,standard,FT,depends,J,1867
8910,2,27,filler,TT,yes,J,2321
8910,2,13,biscuit,TF,no,J,2727
8910,2,11,biscuit,FT,depends,J,2518
8910,2,24,filler,TF,no,F,1751
8910,2,4,standard,TF,no,J,2071
8910,2,3,standard,TT,yes,F,1856
8910,2,26,filler,FT,no,J,2292
8910,2,16,biscuit,TF,no,F,1509
8910,2,14,biscuit,FT,depends,J,2216
8910,2,19,filler,TT,yes,F,1981
1238,3,22,filler,TT,yes,F,2645
1238,3,1,standard,FT,depends,J,2482
1238,3,8,standard,TF,no,J,2519
1238,3,15,biscuit,TF,no,J,2245
1238,3,21,filler,TT,yes,F,2438
1238,3,12,biscuit,FT,depends,F,2715
1238,3,5,standard,TF,no,J,3268
1238,3,6,standard,TF,no,J,1921
1238,3,25,filler,FT,no,J,3500
1238,3,10,biscuit,FT,depends,F,2763
1238,3,9,standard,TF,no,J,2412
1238,3,23,filler,TF,no,J,3191
1238,3,17,biscuit,TT,yes,F,2749
1238,3,20,filler,TT,yes,J,3455
1238,3,7,standard,FT,depends,F,2873
1238,3,18,biscuit,TF,no,J,4703
1238,3,2,standard,TT,yes,F,2993
1238,3,27,filler,TT,yes,J,2882
1238,3,13,biscuit,FT,depends,J,3942
1238,3,11,biscuit,TT,yes,F,3283
1238,3,24,filler,TT,yes,F,3333
1238,3,4,standard,FT,depends,J,2275
1238,3,3,standard,TF,no,F,3468
1238,3,26,filler,TT,yes,F,3897
1238,3,16,biscuit,TT,yes,F,3016
1238,3,14,biscuit,TT,yes,F,3165
1238,3,19,filler,FT,no,J,2711
5537,2,22,filler,TT,yes,F,9876
5537,2,1,standard,TF,no,J,3926
5537,2,8,standard,FT,depends,J,5997
5537,2,15,biscuit,TT,yes,F,4022
5537,2,21,filler,TT,yes,F,3384
5537,2,12,biscuit,TT,yes,F,4256
5537,2,5,standard,FT,depends,F,3120
5537,2,6,standard,TT,yes,F,3297
5537,2,25,filler,TF,no,J,5064
5537,2,10,biscuit,TF,no,J,3951
5537,2,9,standard,TT,yes,F,3458
5537,2,23,filler,TT,yes,F,4875
5537,2,17,biscuit,FT,depends,F,4393
5537,2,20,filler,FT,no,F,6504
5537,2,7,standard,TF,no,J,3825
5537,2,18,biscuit,TT,yes,F,4360
5537,2,2,standard,FT,depends,J,3546
5537,2,27,filler,TT,yes,J,10271
5537,2,13,biscuit,TF,no,J,3826
5537,2,11,biscuit,FT,depends,F,3184
5537,2,24,filler,TF,no,F,4498
5537,2,4,standard,TF,no,J,4553
5537,2,3,standard,TT,yes,F,5551
5537,2,26,filler,FT,no,F,4443
5537,2,16,biscuit,TF,no,J,5086
5537,2,14,biscuit,FT,depends,F,3545
5537,2,19,filler,TT,yes,F,5938
9412,2,22,filler,TT,yes,F,3551
9412,2,1,standard,TF,no,J,4062
9412,2,8,standard,FT,depends,J,6298
9412,2,15,biscuit,TT,yes,F,3495
9412,2,21,filler,TT,yes,F,2652
9412,2,12,biscuit,TT,yes,F,3327
9412,2,5,standard,FT,depends,F,2968
9412,2,6,standard,TT,yes,F,3373
9412,2,25,filler,TF,no,J,3778
9412,2,10,biscuit,TF,no,J,3101
9412,2,9,standard,TT,yes,F,2823
9412,2,23,filler,TT,yes,F,2899
9412,2,17,biscuit,FT,depends,J,4159
9412,2,20,filler,FT,no,J,6410
9412,2,7,standard,TF,no,J,3080
9412,2,18,biscuit,TT,yes,F,3146
9412,2,2,standard,FT,depends,J,3284
9412,2,27,filler,TT,yes,F,4213
9412,2,13,biscuit,TF,no,J,4017
9412,2,11,biscuit,FT,depends,F,4250
9412,2,24,filler,TF,no,F,5533
9412,2,4,standard,TF,no,J,3148
9412,2,3,standard,TT,yes,F,2967
9412,2,26,filler,FT,no,F,3092
9412,2,16,biscuit,TF,no,J,4892
9412,2,14,biscuit,FT,depends,F,3372
9412,2,19,filler,TT,yes,F,3215
9518,2,22,filler,TT,yes,F,3327
9518,2,1,standard,TF,no,J,2338
9518,2,8,standard,FT,depends,J,3032
9518,2,15,biscuit,TT,yes,F,2871
9518,2,21,filler,TT,yes,F,3106
9518,2,12,biscuit,TT,yes,F,2537
9518,2,5,standard,FT,depends,J,2841
9518,2,6,standard,TT,yes,F,2144
9518,2,25,filler,TF,no,J,3056
9518,2,10,biscuit,TF,no,J,3106
9518,2,9,standard,TT,yes,F,2634
9518,2,23,filler,TT,yes,F,2968
9518,2,17,biscuit,FT,depends,J,2614
9518,2,20,filler,FT,no,J,6062
9518,2,7,standard,TF,no,J,2918
9518,2,18,biscuit,TT,yes,F,3557
9518,2,2,standard,FT,depends,J,2167
9518,2,27,filler,TT,yes,F,3618
9518,2,13,biscuit,TF,no,J,2945
9518,2,11,biscuit,FT,depends,J,3266
9518,2,24,filler,TF,no,J,3470
9518,2,4,standard,TF,no,J,3579
9518,2,3,standard,TT,yes,F,2522
9518,2,26,filler,FT,no,F,2509
9518,2,16,biscuit,TF,no,J,3283
9518,2,14,biscuit,FT,depends,J,3533
9518,2,19,filler,TT,yes,F,2268
3470,1,22,filler,TF,no,J,3751
3470,1,1,standard,TT,yes,F,3031
3470,1,8,standard,TT,yes,F,3960
3470,1,15,biscuit,FT,depends,J,6766
3470,1,21,filler,FT,no,J,3605
3470,1,12,biscuit,TF,no,J,6495
3470,1,5,standard,TT,yes,F,3039
3470,1,6,standard,FT,depends,J,2407
3470,1,25,filler,TT,yes,F,4119
3470,1,10,biscuit,TT,yes,F,3639
3470,1,9,standard,FT,depends,J,3327
3470,1,23,filler,TT,yes,F,6024
3470,1,17,biscuit,TF,no,J,3415
3470,1,20,filler,TT,yes,F,4079
3470,1,7,standard,TT,yes,F,3927
3470,1,18,biscuit,FT,depends,F,4391
3470,1,2,standard,TF,no,J,3750
3470,1,27,filler,FT,no,F,3471
3470,1,13,biscuit,TT,yes,F,6055
3470,1,11,biscuit,TF,no,J,3033
3470,1,24,filler,FT,no,J,4639
3470,1,4,standard,TT,yes,F,3608
3470,1,3,standard,FT,depends,J,5007
3470,1,26,filler,TF,no,J,3415
3470,1,16,biscuit,FT,depends,F,4191
3470,1,14,biscuit,TF,no,J,3264
3470,1,19,filler,TF,no,J,3558
602,2,22,filler,TT,yes,F,7135
602,2,1,standard,TF,no,J,3121
602,2,8,standard,FT,depends,J,4209
602,2,15,biscuit,TT,yes,J,3599
602,2,21,filler,TT,yes,F,3021
602,2,12,biscuit,TT,yes,F,3912
602,2,5,standard,FT,depends,F,3140
602,2,6,standard,TT,yes,F,3447
602,2,25,filler,TF,no,J,4912
602,2,10,biscuit,TF,no,J,4092
602,2,9,standard,TT,yes,F,4321
602,2,23,filler,TT,yes,F,3929
602,2,17,biscuit,FT,depends,F,4252
602,2,20,filler,FT,no,J,3802
602,2,7,standard,TF,no,J,4391
602,2,18,biscuit,TT,yes,F,4351
602,2,2,standard,FT,depends,J,3528
602,2,27,filler,TT,yes,F,4148
602,2,13,biscuit,TF,no,J,3497
602,2,11,biscuit,FT,depends,J,6831
602,2,24,filler,TF,no,J,7375
602,2,4,standard,TF,no,J,5081
602,2,3,standard,TT,yes,F,3970
602,2,26,filler,FT,no,J,5537
602,2,16,biscuit,TF,no,J,3987
602,2,14,biscuit,FT,depends,J,6564
602,2,19,filler,TT,yes,F,3348
7230,2,22,filler,TT,yes,F,3276
7230,2,1,standard,TF,no,F,4347
7230,2,8,standard,FT,depends,J,4356
7230,2,15,biscuit,TT,yes,F,3722
7230,2,21,filler,TT,yes,F,5447
7230,2,12,biscuit,TT,yes,F,3792
7230,2,5,standard,FT,depends,J,4062
7230,2,6,standard,TT,yes,F,3649
7230,2,25,filler,TF,no,J,2736
7230,2,10,biscuit,TF,no,J,3592
7230,2,9,standard,TT,yes,F,3438
7230,2,23,filler,TT,yes,F,3312
7230,2,17,biscuit,FT,depends,F,3382
7230,2,20,filler,FT,no,J,3793
7230,2,7,standard,TF,no,F,2887
7230,2,18,biscuit,TT,yes,J,4092
7230,2,2,standard,FT,depends,J,4402
7230,2,27,filler,TT,yes,F,3630
7230,2,13,biscuit,TF,no,F,2978
7230,2,11,biscuit,FT,depends,J,3937
7230,2,24,filler,TF,no,J,3554
7230,2,4,standard,TF,no,J,2518
7230,2,3,standard,TT,yes,F,2479
7230,2,26,filler,FT,no,F,2983
7230,2,16,biscuit,TF,no,J,6361
7230,2,14,biscuit,FT,depends,F,3191
7230,2,19,filler,TT,yes,F,3613
7084,2,22,filler,TT,yes,F,5199
7084,2,1,standard,TF,no,F,3535
7084,2,8,standard,FT,depends,J,7113
7084,2,15,biscuit,TT,yes,F,11861
7084,2,21,filler,TT,yes,F,5481
7084,2,12,biscuit,TT,yes,F,4593
7084,2,5,standard,FT,depends,J,5890
7084,2,6,standard,TT,yes,F,3045
7084,2,25,filler,TF,no,J,5592
7084,2,10,biscuit,TF,no,F,4161
7084,2,9,standard,TT,yes,F,4829
7084,2,23,filler,TT,yes,J,6086
7084,2,17,biscuit,FT,depends,F,3636
7084,2,20,filler,FT,no,J,5482
7084,2,7,standard,TF,no,J,5586
7084,2,18,biscuit,TT,yes,F,5359
7084,2,2,standard,FT,depends,J,3727
7084,2,27,filler,TT,yes,F,3540
7084,2,13,biscuit,TF,no,J,4785
7084,2,11,biscuit,FT,depends,F,6783
7084,2,24,filler,TF,no,J,3986
7084,2,4,standard,TF,no,J,3958
7084,2,3,standard,TT,yes,F,2969
7084,2,26,filler,FT,no,F,4306
7084,2,16,biscuit,TF,no,J,3984
7084,2,14,biscuit,FT,depends,F,6611
7084,2,19,filler,TT,yes,F,6609
7925,3,22,filler,TT,yes,F,5899
7925,3,1,standard,FT,depends,F,4234
7925,3,8,standard,TF,no,J,7673
7925,3,15,biscuit,TF,no,J,6842
7925,3,21,filler,TT,yes,F,6539
7925,3,12,biscuit,FT,depends,F,6163
7925,3,5,standard,TF,no,J,8395
7925,3,6,standard,TF,no,J,4267
7925,3,25,filler,FT,no,J,9674
7925,3,10,biscuit,FT,depends,F,5691
7925,3,9,standard,TF,no,J,5466
7925,3,23,filler,TF,no,J,7708
7925,3,17,biscuit,TT,yes,J,4634
7925,3,20,filler,TT,yes,F,9610
7925,3,7,standard,FT,depends,J,6147
7925,3,18,biscuit,TF,no,J,16251
7925,3,2,standard,TT,yes,F,7962
7925,3,27,filler,TT,yes,F,4874
7925,3,13,biscuit,FT,depends,F,9227
7925,3,11,biscuit,TT,yes,F,5931
7925,3,24,filler,TT,yes,J,6475
7925,3,4,standard,FT,depends,J,7832
7925,3,3,standard,TF,no,F,7353
7925,3,26,filler,TT,yes,J,4425
7925,3,16,biscuit,TT,yes,J,4799
7925,3,14,biscuit,TT,yes,J,4155
7925,3,19,filler,FT,no,J,5691
3488,2,22,filler,TT,yes,F,3399
3488,2,1,standard,TF,no,J,3335
3488,2,8,standard,FT,depends,J,4830
3488,2,15,biscuit,TT,yes,J,5654
3488,2,21,filler,TT,yes,F,4799
3488,2,12,biscuit,TT,yes,F,3982
3488,2,5,standard,FT,depends,J,4350
3488,2,6,standard,TT,yes,F,3894
3488,2,25,filler,TF,no,J,4375
3488,2,10,biscuit,TF,no,J,3543
3488,2,9,standard,TT,yes,F,4591
3488,2,23,filler,TT,yes,F,3607
3488,2,17,biscuit,FT,depends,F,3183
3488,2,20,filler,FT,no,J,3614
3488,2,7,standard,TF,no,J,3526
3488,2,18,biscuit,TT,yes,F,8759
3488,2,2,standard,FT,depends,J,3927
3488,2,27,filler,TT,yes,F,4863
3488,2,13,biscuit,TF,no,J,3838
3488,2,11,biscuit,FT,depends,F,5799
3488,2,24,filler,TF,no,J,5181
3488,2,4,standard,TF,no,J,3215
3488,2,3,standard,TT,yes,F,3117
3488,2,26,filler,FT,no,J,3366
3488,2,16,biscuit,TF,no,J,4567
3488,2,14,biscuit,FT,depends,F,6407
3488,2,19,filler,TT,yes,F,3095
6921,2,22,filler,TT,yes,F,3669
6921,2,1,standard,TF,no,J,2708
6921,2,8,standard,FT,depends,J,4802
6921,2,15,biscuit,TT,yes,F,3795
6921,2,21,filler,TT,yes,F,4171
6921,2,12,biscuit,TT,yes,F,3867
6921,2,5,standard,FT,depends,F,3315
6921,2,6,standard,TT,yes,F,2766
6921,2,25,filler,TF,no,J,3788
6921,2,10,biscuit,TF,no,J,2786
6921,2,9,standard,TT,yes,F,2902
6921,2,23,filler,TT,yes,F,3819
6921,2,17,biscuit,FT,depends,J,3715
6921,2,20,filler,FT,no,J,5173
6921,2,7,standard,TF,no,J,4756
6921,2,18,biscuit,TT,yes,F,3404
6921,2,2,standard,FT,depends,J,2603
6921,2,27,filler,TT,yes,F,6804
6921,2,13,biscuit,TF,no,J,4404
6921,2,11,biscuit,FT,depends,J,2732
6921,2,24,filler,TF,no,J,4613
6921,2,4,standard,TF,no,J,3091
6921,2,3,standard,TT,yes,F,2932
6921,2,26,filler,FT,no,J,9330
6921,2,16,biscuit,TF,no,J,3874
6921,2,14,biscuit,FT,depends,J,5476
6921,2,19,filler,TT,yes,F,2940
6242,3,22,filler,TT,yes,F,6571
6242,3,1,standard,FT,depends,J,4091
6242,3,8,standard,TF,no,J,3772
6242,3,15,biscuit,TF,no,F,5656
6242,3,21,filler,TT,yes,F,7176
6242,3,12,biscuit,FT,depends,F,5432
6242,3,5,standard,TF,no,J,4054
6242,3,6,standard,TF,no,J,3307
6242,3,25,filler,FT,no,J,5025
6242,3,10,biscuit,FT,depends,F,7257
6242,3,9,standard,TF,no,J,5889
6242,3,23,filler,TF,no,J,4658
6242,3,17,biscuit,TT,yes,F,5456
6242,3,20,filler,TT,yes,J,6435
6242,3,7,standard,FT,depends,J,5477
6242,3,18,biscuit,TF,no,J,8833
6242,3,2,standard,TT,yes,F,5316
6242,3,27,filler,TT,yes,F,8743
6242,3,13,biscuit,FT,depends,F,9510
6242,3,11,biscuit,TT,yes,F,9709
6242,3,24,filler,TT,yes,J,6404
6242,3,4,standard,FT,depends,J,7424
6242,3,3,standard,TF,no,J,6454
6242,3,26,filler,TT,yes,F,7158
6242,3,16,biscuit,TT,yes,F,7133
6242,3,14,biscuit,TT,yes,F,5362
6242,3,19,filler,FT,no,J,5709
224,3,22,filler,TT,yes,F,4489
224,3,1,standard,FT,depends,J,3791
224,3,8,standard,TF,no,F,4508
224,3,15,biscuit,TF,no,J,3633
224,3,21,filler,TT,yes,F,4821
224,3,12,biscuit,FT,depends,F,3683
224,3,5,standard,TF,no,J,3739
224,3,6,standard,TF,no,J,2809
224,3,25,filler,FT,no,J,3807
224,3,10,biscuit,FT,depends,F,2535
224,3,9,standard,TF,no,F,3607
224,3,23,filler,TF,no,J,5112
224,3,17,biscuit,TT,yes,F,3204
224,3,20,filler,TT,yes,F,3624
224,3,7,standard,FT,depends,F,3609
224,3,18,biscuit,TF,no,J,5345
224,3,2,standard,TT,yes,F,4121
224,3,27,filler,TT,yes,F,5102
224,3,13,biscuit,FT,depends,F,5369
224,3,11,biscuit,TT,yes,F,5101
224,3,24,filler,TT,yes,J,4109
224,3,4,standard,FT,depends,J,4648
224,3,3,standard,TF,no,F,5892
224,3,26,filler,TT,yes,F,3803
224,3,16,biscuit,TT,yes,F,4618
224,3,14,biscuit,TT,yes,F,5165
224,3,19,filler,FT,no,J,3648
4611,1,22,filler,TF,no,F,3575
4611,1,1,standard,TT,yes,F,4291
4611,1,8,standard,TT,yes,F,2972
4611,1,15,biscuit,FT,depends,J,5083
4611,1,21,filler,FT,no,J,7067
4611,1,12,biscuit,TF,no,F,4830
4611,1,5,standard,TT,yes,F,3557
4611,1,6,standard,FT,depends,J,2640
4611,1,25,filler,TT,yes,F,3665
4611,1,10,biscuit,TT,yes,F,3397
4611,1,9,standard,FT,depends,J,3891
4611,1,23,filler,TT,yes,F,3432
4611,1,17,biscuit,TF,no,J,2832
4611,1,20,filler,TT,yes,F,3488
4611,1,7,standard,TT,yes,F,4677
4611,1,18,biscuit,FT,depends,F,4302
4611,1,2,standard,TF,no,F,3988
4611,1,27,filler,FT,no,J,4650
4611,1,13,biscuit,TT,yes,F,4335
4611,1,11,biscuit,TF,no,J,4490
4611,1,24,filler,FT,no,J,4247
4611,1,4,standard,TT,yes,F,3041
4611,1,3,standard,FT,depends,J,4157
4611,1,26,filler,TF,no,J,3299
4611,1,16,biscuit,FT,depends,F,4215
4611,1,14,biscuit,TF,no,J,5357
4611,1,19,filler,TF,no,J,4355
3959,2,22,filler,TT,yes,F,21971
3959,2,1,standard,TF,no,J,7384
3959,2,8,standard,FT,depends,F,9003
3959,2,15,biscuit,TT,yes,F,8277
3959,2,21,filler,TT,yes,F,3878
3959,2,12,biscuit,TT,yes,F,4418
3959,2,5,standard,FT,depends,J,4237
3959,2,6,standard,TT,yes,F,3033
3959,2,25,filler,TF,no,J,5218
3959,2,10,biscuit,TF,no,J,3521
3959,2,9,standard,TT,yes,F,4493
3959,2,23,filler,TT,yes,F,12597
3959,2,17,biscuit,FT,depends,F,10741
3959,2,20,filler,FT,no,J,4702
3959,2,7,standard,TF,no,J,3907
3959,2,18,biscuit,TT,yes,F,6440
3959,2,2,standard,FT,depends,J,2888
3959,2,27,filler,TT,yes,F,6206
3959,2,13,biscuit,TF,no,J,7060
3959,2,11,biscuit,FT,depends,F,7245
3959,2,24,filler,TF,no,J,4004
3959,2,4,standard,TF,no,J,5246
3959,2,3,standard,TT,yes,F,3062
3959,2,26,filler,FT,no,F,2512
3959,2,16,biscuit,TF,no,J,3715
3959,2,14,biscuit,FT,depends,F,3022
3959,2,19,filler,TT,yes,F,4726
4626,1,22,filler,TF,no,J,4530
4626,1,1,standard,TT,yes,F,3331
4626,1,8,standard,TT,yes,F,3136
4626,1,15,biscuit,FT,depends,J,4118
4626,1,21,filler,FT,no,F,3515
4626,1,12,biscuit,TF,no,J,5005
4626,1,5,standard,TT,yes,F,5108
4626,1,6,standard,FT,depends,J,2970
4626,1,25,filler,TT,yes,J,5314
4626,1,10,biscuit,TT,yes,F,4756
4626,1,9,standard,FT,depends,J,4688
4626,1,23,filler,TT,yes,J,5913
4626,1,17,biscuit,TF,no,J,5417
4626,1,20,filler,TT,yes,J,4873
4626,1,7,standard,TT,yes,F,4173
4626,1,18,biscuit,FT,depends,F,4455
4626,1,2,standard,TF,no,J,2435
4626,1,27,filler,FT,no,J,2875
4626,1,13,biscuit,TT,yes,F,4910
4626,1,11,biscuit,TF,no,J,4736
4626,1,24,filler,FT,no,J,3444
4626,1,4,standard,TT,yes,F,3910
4626,1,3,standard,FT,depends,J,3498
4626,1,26,filler,TF,no,J,4620
4626,1,16,biscuit,FT,depends,F,5400
4626,1,14,biscuit,TF,no,J,5569
4626,1,19,filler,TF,no,J,3044
844,1,22,filler,TF,no,J,3545
844,1,1,standard,TT,yes,F,3033
844,1,8,standard,TT,yes,F,3960
844,1,15,biscuit,FT,depends,J,3445
844,1,21,filler,FT,no,J,4605
844,1,12,biscuit,TF,no,J,4834
844,1,5,standard,TT,yes,F,4318
844,1,6,standard,FT,depends,J,2359
844,1,25,filler,TT,yes,F,7150
844,1,10,biscuit,TT,yes,F,3977
844,1,9,standard,FT,depends,J,3728
844,1,23,filler,TT,yes,F,3559
844,1,17,biscuit,TF,no,J,3107
844,1,20,filler,TT,yes,F,5634
844,1,7,standard,TT,yes,F,2258
844,1,18,biscuit,FT,depends,F,5204
844,1,2,standard,TF,no,J,2977
844,1,27,filler,FT,no,J,4117
844,1,13,biscuit,TT,yes,F,5189
844,1,11,biscuit,TF,no,J,5162
844,1,24,filler,FT,no,J,6434
844,1,4,standard,TT,yes,F,4547
844,1,3,standard,FT,depends,J,3118
844,1,26,filler,TF,no,J,4872
844,1,16,biscuit,FT,depends,F,6249
844,1,14,biscuit,TF,no,J,3818
844,1,19,filler,TF,no,J,3418
5679,1,22,filler,TF,no,J,3660
5679,1,1,standard,TT,yes,F,2938
5679,1,8,standard,TT,yes,F,2976
5679,1,15,biscuit,FT,depends,F,4426
5679,1,21,filler,FT,no,F,4570
5679,1,12,biscuit,TF,no,J,6394
5679,1,5,standard,TT,yes,F,2983
5679,1,6,standard,FT,depends,J,3024
5679,1,25,filler,TT,yes,F,4012
5679,1,10,biscuit,TT,yes,F,3292
5679,1,9,standard,FT,depends,J,3385
5679,1,23,filler,TT,yes,F,2788
5679,1,17,biscuit,TF,no,J,2847
5679,1,20,filler,TT,yes,F,2542
5679,1,7,standard,TT,yes,F,2886
5679,1,18,biscuit,FT,depends,F,3607
5679,1,2,standard,TF,no,J,3156
5679,1,27,filler,FT,no,J,3871
5679,1,13,biscuit,TT,yes,F,5521
5679,1,11,biscuit,TF,no,J,2905
5679,1,24,filler,FT,no,J,3494
5679,1,4,standard,TT,yes,F,2242
5679,1,3,standard,FT,depends,J,2820
5679,1,26,filler,TF,no,J,3518
5679,1,16,biscuit,FT,depends,F,3031
5679,1,14,biscuit,TF,no,J,4693
5679,1,19,filler,TF,no,J,3569
3511,1,22,filler,TF,no,J,6375
3511,1,1,standard,TT,yes,F,6387
3511,1,8,standard,TT,yes,F,4730
3511,1,15,biscuit,FT,depends,J,7072
3511,1,21,filler,FT,no,J,6603
3511,1,12,biscuit,TF,no,J,10704
3511,1,5,standard,TT,yes,F,4963
3511,1,6,standard,FT,depends,J,6624
3511,1,25,filler,TT,yes,F,8035
3511,1,10,biscuit,TT,yes,F,7272
3511,1,9,standard,FT,depends,J,6632
3511,1,23,filler,TT,yes,F,6092
3511,1,17,biscuit,TF,no,J,7726
3511,1,20,filler,TT,yes,F,10441
3511,1,7,standard,TT,yes,F,6305
3511,1,18,biscuit,FT,depends,F,9323
3511,1,2,standard,TF,no,J,4715
3511,1,27,filler,FT,no,J,9720
3511,1,13,biscuit,TT,yes,F,10238
3511,1,11,biscuit,TF,no,J,6478
3511,1,24,filler,FT,no,J,4820
3511,1,4,standard,TT,yes,F,4494
3511,1,3,standard,FT,depends,J,5313
3511,1,26,filler,TF,no,J,6845
3511,1,16,biscuit,FT,depends,J,10520
3511,1,14,biscuit,TF,no,J,8903
3511,1,19,filler,TF,no,J,6414
1338,1,22,filler,TF,no,J,4024
1338,1,1,standard,TT,yes,J,3731
1338,1,8,standard,TT,yes,F,3594
1338,1,15,biscuit,FT,depends,F,3435
1338,1,21,filler,FT,no,F,2666
1338,1,12,biscuit,TF,no,J,6791
1338,1,5,standard,TT,yes,F,2391
1338,1,6,standard,FT,depends,J,1800
1338,1,25,filler,TT,yes,F,4185
1338,1,10,biscuit,TT,yes,F,3435
1338,1,9,standard,FT,depends,J,2946
1338,1,23,filler,TT,yes,F,3630
1338,1,17,biscuit,TF,no,F,3565
1338,1,20,filler,TT,yes,J,4201
1338,1,7,standard,TT,yes,F,2996
1338,1,18,biscuit,FT,depends,F,3740
1338,1,2,standard,TF,no,J,2892
1338,1,27,filler,FT,no,F,3976
1338,1,13,biscuit,TT,yes,F,3029
1338,1,11,biscuit,TF,no,J,3315
1338,1,24,filler,FT,no,J,4141
1338,1,4,standard,TT,yes,F,2870
1338,1,3,standard,FT,depends,F,2840
1338,1,26,filler,TF,no,J,3290
1338,1,16,biscuit,FT,depends,F,2681
1338,1,14,biscuit,TF,no,J,2929
1338,1,19,filler,TF,no,J,2692
161,1,22,filler,TF,no,J,3859
161,1,1,standard,TT,yes,F,2493
161,1,8,standard,TT,yes,F,2533
161,1,15,biscuit,FT,depends,J,2924
161,1,21,filler,FT,no,J,2756
161,1,12,biscuit,TF,no,J,3253
161,1,5,standard,TT,yes,F,2258
161,1,6,standard,FT,depends,J,2214
161,1,25,filler,TT,yes,F,3689
161,1,10,biscuit,TT,yes,F,3030
161,1,9,standard,FT,depends,J,2674
161,1,23,filler,TT,yes,F,2713
161,1,17,biscuit,TF,no,J,2534
161,1,20,filler,TT,yes,F,2749
161,1,7,standard,TT,yes,F,2314
161,1,18,biscuit,FT,depends,F,2583
161,1,2,standard,TF,no,J,2484
161,1,27,filler,FT,no,J,3135
161,1,13,biscuit,TT,yes,F,12183
161,1,11,biscuit,TF,no,J,4100
161,1,24,filler,FT,no,J,3925
161,1,4,standard,TT,yes,F,3066
161,1,3,standard,FT,depends,J,2816
161,1,26,filler,TF,no,J,2910
161,1,16,biscuit,FT,depends,F,4723
161,1,14,biscuit,TF,no,J,2202
161,1,19,filler,TF,no,J,2647
6502,1,22,filler,TF,no,F,2170
6502,1,1,standard,TT,yes,F,2346
6502,1,8,standard,TT,yes,F,1988
6502,1,15,biscuit,FT,depends,J,1936
6502,1,21,filler,FT,no,J,2566
6502,1,12,biscuit,TF,no,F,4720
6502,1,5,standard,TT,yes,F,2391
6502,1,6,standard,FT,depends,J,1981
6502,1,25,filler,TT,yes,J,3432
6502,1,10,biscuit,TT,yes,F,2689
6502,1,9,standard,FT,depends,J,2343
6502,1,23,filler,TT,yes,F,2477
6502,1,17,biscuit,TF,no,J,2643
6502,1,20,filler,TT,yes,F,2767
6502,1,7,standard,TT,yes,F,2210
6502,1,18,biscuit,FT,depends,F,4022
6502,1,2,standard,TF,no,J,3473
6502,1,27,filler,FT,no,J,2372
6502,1,13,biscuit,TT,yes,F,3578
6502,1,11,biscuit,TF,no,J,3836
6502,1,24,filler,FT,no,J,4876
6502,1,4,standard,TT,yes,F,2026
6502,1,3,standard,FT,depends,J,3454
6502,1,26,filler,TF,no,J,3143
6502,1,16,biscuit,FT,depends,F,3258
6502,1,14,biscuit,TF,no,J,3549
6502,1,19,filler,TF,no,J,2591
4572,1,22,filler,TF,no,F,2847
4572,1,1,standard,TT,yes,F,2372
4572,1,8,standard,TT,yes,F,2372
4572,1,15,biscuit,FT,depends,J,5462
4572,1,21,filler,FT,no,J,6915
4572,1,12,biscuit,TF,no,J,10223
4572,1,5,standard,TT,yes,F,7325
4572,1,6,standard,FT,depends,F,3621
4572,1,25,filler,TT,yes,F,5950
4572,1,10,biscuit,TT,yes,F,6172
4572,1,9,standard,FT,depends,J,4493
4572,1,23,filler,TT,yes,F,5813
4572,1,17,biscuit,TF,no,J,6796
4572,1,20,filler,TT,yes,F,5878
4572,1,7,standard,TT,yes,F,5397
4572,1,18,biscuit,FT,depends,F,4788
4572,1,2,standard,TF,no,J,3968
4572,1,27,filler,FT,no,J,6262
4572,1,13,biscuit,TT,yes,F,4701
4572,1,11,biscuit,TF,no,J,4892
4572,1,24,filler,FT,no,J,4430
4572,1,4,standard,TT,yes,F,4069
4572,1,3,standard,FT,depends,J,3861
4572,1,26,filler,TF,no,J,4893
4572,1,16,biscuit,FT,depends,F,3414
4572,1,14,biscuit,TF,no,J,7446
4572,1,19,filler,TF,no,J,3734
3603,1,22,filler,TF,no,J,3295
3603,1,1,standard,TT,yes,F,2494
3603,1,8,standard,TT,yes,F,2419
3603,1,15,biscuit,FT,depends,J,2519
3603,1,21,filler,FT,no,F,3118
3603,1,12,biscuit,TF,no,J,3503
3603,1,5,standard,TT,yes,F,2610
3603,1,6,standard,FT,depends,J,2325
3603,1,25,filler,TT,yes,F,2748
3603,1,10,biscuit,TT,yes,F,2457
3603,1,9,standard,FT,depends,J,3401
3603,1,23,filler,TT,yes,F,2693
3603,1,17,biscuit,TF,no,J,2527
3603,1,20,filler,TT,yes,J,3973
3603,1,7,standard,TT,yes,F,3423
3603,1,18,biscuit,FT,depends,J,3053
3603,1,2,standard,TF,no,J,2413
3603,1,27,filler,FT,no,F,3575
3603,1,13,biscuit,TT,yes,F,3201
3603,1,11,biscuit,TF,no,J,6895
3603,1,24,filler,FT,no,J,3251
3603,1,4,standard,TT,yes,F,3813
3603,1,3,standard,FT,depends,J,2899
3603,1,26,filler,TF,no,J,3119
3603,1,16,biscuit,FT,depends,F,5412
3603,1,14,biscuit,TF,no,J,3274
3603,1,19,filler,TF,no,J,6258
9413,1,22,filler,TF,no,J,3262
9413,1,1,standard,TT,yes,F,2526
9413,1,8,standard,TT,yes,F,3070
9413,1,15,biscuit,FT,depends,J,3326
9413,1,21,filler,FT,no,J,3630
9413,1,12,biscuit,TF,no,F,5925
9413,1,5,standard,TT,yes,F,3485
9413,1,6,standard,FT,depends,J,3487
9413,1,25,filler,TT,yes,F,3823
9413,1,10,biscuit,TT,yes,F,4262
9413,1,9,standard,FT,depends,J,4941
9413,1,23,filler,TT,yes,F,3309
9413,1,17,biscuit,TF,no,J,4702
9413,1,20,filler,TT,yes,F,6262
9413,1,7,standard,TT,yes,F,2774
9413,1,18,biscuit,FT,depends,F,4791
9413,1,2,standard,TF,no,J,5055
9413,1,27,filler,FT,no,F,11798
9413,1,13,biscuit,TT,yes,F,5406
9413,1,11,biscuit,TF,no,J,3470
9413,1,24,filler,FT,no,F,6351
9413,1,4,standard,TT,yes,F,5638
9413,1,3,standard,FT,depends,J,3278
9413,1,26,filler,TF,no,J,6774
9413,1,16,biscuit,FT,depends,F,6286
9413,1,14,biscuit,TF,no,J,7190
9413,1,19,filler,TF,no,J,4702
535,1,22,filler,TF,no,J,6161
535,1,1,standard,TT,yes,F,4894
535,1,8,standard,TT,yes,F,4720
535,1,15,biscuit,FT,depends,J,6600
535,1,21,filler,FT,no,J,4948
535,1,12,biscuit,TF,no,J,6969
535,1,5,standard,TT,yes,F,3846
535,1,6,standard,FT,depends,J,3477
535,1,25,filler,TT,yes,F,4396
535,1,10,biscuit,TT,yes,F,4218
535,1,9,standard,FT,depends,J,4805
535,1,23,filler,TT,yes,F,4075
535,1,17,biscuit,TF,no,J,3440
535,1,20,filler,TT,yes,F,6458
535,1,7,standard,TT,yes,F,3318
535,1,18,biscuit,FT,depends,F,8736
535,1,2,standard,TF,no,J,2792
535,1,27,filler,FT,no,J,4665
535,1,13,biscuit,TT,yes,F,5043
535,1,11,biscuit,TF,no,J,3264
535,1,24,filler,FT,no,J,6605
535,1,4,standard,TT,yes,F,3996
535,1,3,standard,FT,depends,J,4492
535,1,26,filler,TF,no,J,3632
535,1,16,biscuit,FT,depends,F,7898
535,1,14,biscuit,TF,no,J,5477
535,1,19,filler,TF,no,J,5580
766,1,22,filler,TF,no,J,5892
766,1,1,standard,TT,yes,F,3995
766,1,8,standard,TT,yes,F,4715
766,1,15,biscuit,FT,depends,J,7539
766,1,21,filler,FT,no,J,7187
766,1,12,biscuit,TF,no,J,6978
766,1,5,standard,TT,yes,F,4628
766,1,6,standard,FT,depends,J,2595
766,1,25,filler,TT,yes,F,4915
766,1,10,biscuit,TT,yes,F,4083
766,1,9,standard,FT,depends,J,8752
766,1,23,filler,TT,yes,F,4172
766,1,17,biscuit,TF,no,J,3876
766,1,20,filler,TT,yes,F,5052
766,1,7,standard,TT,yes,F,4484
766,1,18,biscuit,FT,depends,F,3634
766,1,2,standard,TF,no,J,3339
766,1,27,filler,FT,no,J,4324
766,1,13,biscuit,TT,yes,F,8124
766,1,11,biscuit,TF,no,J,3931
766,1,24,filler,FT,no,F,7476
766,1,4,standard,TT,yes,F,4170
766,1,3,standard,FT,depends,J,5491
766,1,26,filler,TF,no,J,5466
766,1,16,biscuit,FT,depends,F,6754
766,1,14,biscuit,TF,no,J,6204
766,1,19,filler,TF,no,J,3596
5882,3,22,filler,TT,yes,F,4429
5882,3,1,standard,FT,depends,J,5825
5882,3,8,standard,TF,no,J,3237
5882,3,15,biscuit,TF,no,J,2517
5882,3,21,filler,TT,yes,F,2968
5882,3,12,biscuit,FT,depends,J,6612
5882,3,5,standard,TF,no,J,2248
5882,3,6,standard,TF,no,J,1976
5882,3,25,filler,FT,no,F,3171
5882,3,10,biscuit,FT,depends,J,3911
5882,3,9,standard,TF,no,J,2945
5882,3,23,filler,TF,no,J,3317
5882,3,17,biscuit,TT,yes,F,2765
5882,3,20,filler,TT,yes,F,4341
5882,3,7,standard,FT,depends,J,1843
5882,3,18,biscuit,TF,no,J,3146
5882,3,2,standard,TT,yes,F,2260
5882,3,27,filler,TT,yes,F,4825
5882,3,13,biscuit,FT,depends,J,3284
5882,3,11,biscuit,TT,yes,F,5385
5882,3,24,filler,TT,yes,F,2969
5882,3,4,standard,FT,depends,J,2606
5882,3,3,standard,TF,no,J,4656
5882,3,26,filler,TT,yes,F,3373
5882,3,16,biscuit,TT,yes,F,3081
5882,3,14,biscuit,TT,yes,F,2732
5882,3,19,filler,FT,no,J,3373
9408,3,22,filler,TT,yes,F,5511
9408,3,1,standard,FT,depends,F,4609
9408,3,8,standard,TF,no,J,4766
9408,3,15,biscuit,TF,no,J,4569
9408,3,21,filler,TT,yes,F,4576
9408,3,12,biscuit,FT,depends,F,5783
9408,3,5,standard,TF,no,J,4250
9408,3,6,standard,TF,no,J,4442
9408,3,25,filler,FT,no,J,5535
9408,3,10,biscuit,FT,depends,F,4279
9408,3,9,standard,TF,no,J,5494
9408,3,23,filler,TF,no,F,7415
9408,3,17,biscuit,TT,yes,F,9223
9408,3,20,filler,TT,yes,F,5379
9408,3,7,standard,FT,depends,F,3840
9408,3,18,biscuit,TF,no,J,8052
9408,3,2,standard,TT,yes,F,4494
9408,3,27,filler,TT,yes,J,12055
9408,3,13,biscuit,FT,depends,F,6919
9408,3,11,biscuit,TT,yes,F,4494
9408,3,24,filler,TT,yes,F,5325
9408,3,4,standard,FT,depends,J,10097
9408,3,3,standard,TF,no,F,7585
9408,3,26,filler,TT,yes,F,7630
9408,3,16,biscuit,TT,yes,F,6301
9408,3,14,biscuit,TT,yes,F,6543
9408,3,19,filler,FT,no,J,7843
8707,1,22,filler,TF,no,F,5862
8707,1,1,standard,TT,yes,F,6438
8707,1,8,standard,TT,yes,F,6150
8707,1,15,biscuit,FT,depends,F,6754
8707,1,21,filler,FT,no,F,4931
8707,1,12,biscuit,TF,no,F,28548
8707,1,5,standard,TT,yes,F,6125
8707,1,6,standard,FT,depends,J,2794
8707,1,25,filler,TT,yes,F,9127
8707,1,10,biscuit,TT,yes,F,4610
8707,1,9,standard,FT,depends,F,8775
8707,1,23,filler,TT,yes,F,5987
8707,1,17,biscuit,TF,no,J,8863
8707,1,20,filler,TT,yes,F,7148
8707,1,7,standard,TT,yes,F,5910
8707,1,18,biscuit,FT,depends,F,11113
8707,1,2,standard,TF,no,F,8735
8707,1,27,filler,FT,no,F,7385
8707,1,13,biscuit,TT,yes,F,7981
8707,1,11,biscuit,TF,no,J,8358
8707,1,24,filler,FT,no,F,4945
8707,1,4,standard,TT,yes,F,6129
8707,1,3,standard,FT,depends,J,5870
8707,1,26,filler,TF,no,J,5648
8707,1,16,biscuit,FT,depends,F,6811
8707,1,14,biscuit,TF,no,J,6574
8707,1,19,filler,TF,no,J,4698
3918,3,22,filler,TT,yes,F,2996
3918,3,1,standard,FT,depends,F,3068
3918,3,8,standard,TF,no,J,3097
3918,3,15,biscuit,TF,no,J,2708
3918,3,21,filler,TT,yes,F,3529
3918,3,12,biscuit,FT,depends,F,4080
3918,3,5,standard,TF,no,J,3077
3918,3,6,standard,TF,no,J,1907
3918,3,25,filler,FT,no,F,3497
3918,3,10,biscuit,FT,depends,F,3036
3918,3,9,standard,TF,no,J,2654
3918,3,23,filler,TF,no,J,3408
3918,3,17,biscuit,TT,yes,F,2935
3918,3,20,filler,TT,yes,F,4760
3918,3,7,standard,FT,depends,F,2501
3918,3,18,biscuit,TF,no,J,4203
3918,3,2,standard,TT,yes,F,2606
3918,3,27,filler,TT,yes,F,4940
3918,3,13,biscuit,FT,depends,J,3985
3918,3,11,biscuit,TT,yes,F,5871
3918,3,24,filler,TT,yes,F,4000
3918,3,4,standard,FT,depends,J,3444
3918,3,3,standard,TF,no,J,2865
3918,3,26,filler,TT,yes,F,3908
3918,3,16,biscuit,TT,yes,F,3201
3918,3,14,biscuit,TT,yes,F,3755
3918,3,19,filler,FT,no,F,2933
3317,3,22,filler,TT,yes,F,5493
3317,3,1,standard,FT,depends,J,3116
3317,3,8,standard,TF,no,F,4894
3317,3,15,biscuit,TF,no,J,2196
3317,3,21,filler,TT,yes,F,2815
3317,3,12,biscuit,FT,depends,F,6086
3317,3,5,standard,TF,no,J,3693
3317,3,6,standard,TF,no,J,1878
3317,3,25,filler,FT,no,J,2686
3317,3,10,biscuit,FT,depends,F,4605
3317,3,9,standard,TF,no,J,5341
3317,3,23,filler,TF,no,J,3389
3317,3,17,biscuit,TT,yes,F,2960
3317,3,20,filler,TT,yes,F,4878
3317,3,7,standard,FT,depends,J,1845
3317,3,18,biscuit,TF,no,J,3317
3317,3,2,standard,TT,yes,F,2061
3317,3,27,filler,TT,yes,J,6382
3317,3,13,biscuit,FT,depends,J,6572
3317,3,11,biscuit,TT,yes,F,7071
3317,3,24,filler,TT,yes,F,2350
3317,3,4,standard,FT,depends,J,3405
3317,3,3,standard,TF,no,J,4790
3317,3,26,filler,TT,yes,F,3758
3317,3,16,biscuit,TT,yes,F,3917
3317,3,14,biscuit,TT,yes,F,2591
3317,3,19,filler,FT,no,F,2093
347,3,22,filler,TT,yes,F,2328
347,3,1,standard,FT,depends,J,3759
347,3,8,standard,TF,no,J,4430
347,3,15,biscuit,TF,no,J,4047
347,3,21,filler,TT,yes,F,2390
347,3,12,biscuit,FT,depends,F,5366
347,3,5,standard,TF,no,J,3167
347,3,6,standard,TF,no,J,1839
347,3,25,filler,FT,no,F,2615
347,3,10,biscuit,FT,depends,F,4255
347,3,9,standard,TF,no,J,2639
347,3,23,filler,TF,no,J,4103
347,3,17,biscuit,TT,yes,F,2815
347,3,20,filler,TT,yes,F,2223
347,3,7,standard,FT,depends,J,2535
347,3,18,biscuit,TF,no,J,5543
347,3,2,standard,TT,yes,F,2303
347,3,27,filler,TT,yes,F,3759
347,3,13,biscuit,FT,depends,J,2911
347,3,11,biscuit,TT,yes,F,3375
347,3,24,filler,TT,yes,J,3167
347,3,4,standard,FT,depends,J,2751
347,3,3,standard,TF,no,J,3967
347,3,26,filler,TT,yes,F,2783
347,3,16,biscuit,TT,yes,F,3263
347,3,14,biscuit,TT,yes,F,3271
347,3,19,filler,FT,no,J,2399
8713,3,22,filler,TT,yes,J,5578
8713,3,1,standard,FT,depends,J,3499
8713,3,8,standard,TF,no,J,3009
8713,3,15,biscuit,TF,no,J,2507
8713,3,21,filler,TT,yes,F,2898
8713,3,12,biscuit,FT,depends,J,5871
8713,3,5,standard,TF,no,J,2487
8713,3,6,standard,TF,no,J,2158
8713,3,25,filler,FT,no,F,3448
8713,3,10,biscuit,FT,depends,F,4444
8713,3,9,standard,TF,no,J,2804
8713,3,23,filler,TF,no,J,3868
8713,3,17,biscuit,TT,yes,F,3145
8713,3,20,filler,TT,yes,F,3398
8713,3,7,standard,FT,depends,F,2251
8713,3,18,biscuit,TF,no,J,4141
8713,3,2,standard,TT,yes,F,3126
8713,3,27,filler,TT,yes,F,3208
8713,3,13,biscuit,FT,depends,J,3553
8713,3,11,biscuit,TT,yes,F,5684
8713,3,24,filler,TT,yes,F,4290
8713,3,4,standard,FT,depends,F,2521
8713,3,3,standard,TF,no,J,5247
8713,3,26,filler,TT,yes,F,2726
8713,3,16,biscuit,TT,yes,F,3023
8713,3,14,biscuit,TT,yes,F,4750
8713,3,19,filler,FT,no,J,3386
3338,3,22,filler,TT,yes,J,3322
3338,3,1,standard,FT,depends,J,4037
3338,3,8,standard,TF,no,J,2925
3338,3,15,biscuit,TF,no,J,2700
3338,3,21,filler,TT,yes,F,3124
3338,3,12,biscuit,FT,depends,F,3364
3338,3,5,standard,TF,no,J,2725
3338,3,6,standard,TF,no,F,1670
3338,3,25,filler,FT,no,F,6515
3338,3,10,biscuit,FT,depends,F,7725
3338,3,9,standard,TF,no,J,3181
3338,3,23,filler,TF,no,J,4808
3338,3,17,biscuit,TT,yes,F,3341
3338,3,20,filler,TT,yes,F,3684
3338,3,7,standard,FT,depends,J,3149
3338,3,18,biscuit,TF,no,J,7053
3338,3,2,standard,TT,yes,F,2522
3338,3,27,filler,TT,yes,F,3699
3338,3,13,biscuit,FT,depends,F,2952
3338,3,11,biscuit,TT,yes,F,5773
3338,3,24,filler,TT,yes,F,2668
3338,3,4,standard,FT,depends,J,3088
3338,3,3,standard,TF,no,J,2785
3338,3,26,filler,TT,yes,F,3684
3338,3,16,biscuit,TT,yes,F,3872
3338,3,14,biscuit,TT,yes,F,3762
3338,3,19,filler,FT,no,J,4342
6301,3,22,filler,TT,yes,J,5527
6301,3,1,standard,FT,depends,F,3683
6301,3,8,standard,TF,no,J,4485
6301,3,15,biscuit,TF,no,J,4451
6301,3,21,filler,TT,yes,F,3656
6301,3,12,biscuit,FT,depends,F,5042
6301,3,5,standard,TF,no,J,3367
6301,3,6,standard,TF,no,J,2991
6301,3,25,filler,FT,no,F,3827
6301,3,10,biscuit,FT,depends,F,4549
6301,3,9,standard,TF,no,J,8852
6301,3,23,filler,TF,no,J,4059
6301,3,17,biscuit,TT,yes,F,4097
6301,3,20,filler,TT,yes,F,8980
6301,3,7,standard,FT,depends,J,4421
6301,3,18,biscuit,TF,no,J,5388
6301,3,2,standard,TT,yes,F,3854
6301,3,27,filler,TT,yes,J,6455
6301,3,13,biscuit,FT,depends,F,6158
6301,3,11,biscuit,TT,yes,F,7753
6301,3,24,filler,TT,yes,F,4996
6301,3,4,standard,FT,depends,J,4985
6301,3,3,standard,TF,no,J,5881
6301,3,26,filler,TT,yes,F,5949
6301,3,16,biscuit,TT,yes,F,5470
6301,3,14,biscuit,TT,yes,F,5185
6301,3,19,filler,FT,no,J,4913
3339,3,22,filler,TT,yes,F,4368
3339,3,1,standard,FT,depends,J,4657
3339,3,8,standard,TF,no,J,3440
3339,3,15,biscuit,TF,no,J,3240
3339,3,21,filler,TT,yes,F,3142
3339,3,12,biscuit,FT,depends,F,5674
3339,3,5,standard,TF,no,J,3691
3339,3,6,standard,TF,no,J,2581
3339,3,25,filler,FT,no,F,4882
3339,3,10,biscuit,FT,depends,F,3882
3339,3,9,standard,TF,no,J,3646
3339,3,23,filler,TF,no,J,5249
3339,3,17,biscuit,TT,yes,F,2849
3339,3,20,filler,TT,yes,F,2182
3339,3,7,standard,FT,depends,J,2512
3339,3,18,biscuit,TF,no,J,4014
3339,3,2,standard,TT,yes,F,2482
3339,3,27,filler,TT,yes,F,3222
3339,3,13,biscuit,FT,depends,F,3764
3339,3,11,biscuit,TT,yes,F,4920
3339,3,24,filler,TT,yes,F,3460
3339,3,4,standard,FT,depends,J,3180
3339,3,3,standard,TF,no,F,3623
3339,3,26,filler,TT,yes,F,4216
3339,3,16,biscuit,TT,yes,F,2452
3339,3,14,biscuit,TT,yes,F,3611
3339,3,19,filler,FT,no,J,3264
4065,3,22,filler,TT,yes,F,4260
4065,3,1,standard,FT,depends,J,4339
4065,3,8,standard,TF,no,J,5712
4065,3,15,biscuit,TF,no,J,4866
4065,3,21,filler,TT,yes,F,3259
4065,3,12,biscuit,FT,depends,F,4009
4065,3,5,standard,TF,no,J,4114
4065,3,6,standard,TF,no,J,3881
4065,3,25,filler,FT,no,J,4777
4065,3,10,biscuit,FT,depends,F,3261
4065,3,9,standard,TF,no,J,4422
4065,3,23,filler,TF,no,J,4233
4065,3,17,biscuit,TT,yes,F,2912
4065,3,20,filler,TT,yes,J,3782
4065,3,7,standard,FT,depends,J,3578
4065,3,18,biscuit,TF,no,J,4030
4065,3,2,standard,TT,yes,F,3445
4065,3,27,filler,TT,yes,F,3621
4065,3,13,biscuit,FT,depends,F,2983
4065,3,11,biscuit,TT,yes,F,5002
4065,3,24,filler,TT,yes,F,3712
4065,3,4,standard,FT,depends,J,2468
4065,3,3,standard,TF,no,F,3524
4065,3,26,filler,TT,yes,F,3812
4065,3,16,biscuit,TT,yes,F,3815
4065,3,14,biscuit,TT,yes,F,4537
4065,3,19,filler,FT,no,J,3075
7696,3,22,filler,TT,yes,F,4219
7696,3,1,standard,FT,depends,F,5913
7696,3,8,standard,TF,no,J,4094
7696,3,15,biscuit,TF,no,J,4453
7696,3,21,filler,TT,yes,F,4404
7696,3,12,biscuit,FT,depends,F,3301
7696,3,5,standard,TF,no,F,3251
7696,3,6,standard,TF,no,F,3731
7696,3,25,filler,FT,no,F,3481
7696,3,10,biscuit,FT,depends,J,3393
7696,3,9,standard,TF,no,F,3937
7696,3,23,filler,TF,no,F,4561
7696,3,17,biscuit,TT,yes,J,5507
7696,3,20,filler,TT,yes,J,4850
7696,3,7,standard,FT,depends,F,4289
7696,3,18,biscuit,TF,no,J,5460
7696,3,2,standard,TT,yes,J,5710
7696,3,27,filler,TT,yes,F,5620
7696,3,13,biscuit,FT,depends,J,7583
7696,3,11,biscuit,TT,yes,J,4787
7696,3,24,filler,TT,yes,J,4293
7696,3,4,standard,FT,depends,J,4334
7696,3,3,standard,TF,no,F,5677
7696,3,26,filler,TT,yes,J,4275
7696,3,16,biscuit,TT,yes,J,3251
7696,3,14,biscuit,TT,yes,J,3974
7696,3,19,filler,FT,no,F,3891
8005,3,22,filler,TT,yes,F,6670
8005,3,1,standard,FT,depends,F,6622
8005,3,8,standard,TF,no,J,8229
8005,3,15,biscuit,TF,no,J,9788
8005,3,21,filler,TT,yes,J,10317
8005,3,12,biscuit,FT,depends,F,14685
8005,3,5,standard,TF,no,J,6653
8005,3,6,standard,TF,no,J,6205
8005,3,25,filler,FT,no,J,11213
8005,3,10,biscuit,FT,depends,F,7694
8005,3,9,standard,TF,no,F,6302
8005,3,23,filler,TF,no,J,9629
8005,3,17,biscuit,TT,yes,F,7694
8005,3,20,filler,TT,yes,F,8846
8005,3,7,standard,FT,depends,J,7549
8005,3,18,biscuit,TF,no,J,11502
8005,3,2,standard,TT,yes,F,6990
8005,3,27,filler,TT,yes,F,14702
8005,3,13,biscuit,FT,depends,F,19181
8005,3,11,biscuit,TT,yes,F,12717
8005,3,24,filler,TT,yes,F,8798
8005,3,4,standard,FT,depends,J,7373
8005,3,3,standard,TF,no,J,10030
8005,3,26,filler,TT,yes,F,9613
8005,3,16,biscuit,TT,yes,F,6750
8005,3,14,biscuit,TT,yes,F,8589
8005,3,19,filler,FT,no,J,7741
9095,3,22,filler,TT,yes,F,2609
9095,3,1,standard,FT,depends,J,2011
9095,3,8,standard,TF,no,J,2475
9095,3,15,biscuit,TF,no,J,1930
9095,3,21,filler,TT,yes,F,2924
9095,3,12,biscuit,FT,depends,J,2889
9095,3,5,standard,TF,no,J,3113
9095,3,6,standard,TF,no,J,1573
9095,3,25,filler,FT,no,J,3566
9095,3,10,biscuit,FT,depends,F,3940
9095,3,9,standard,TF,no,J,2074
9095,3,23,filler,TF,no,J,3489
9095,3,17,biscuit,TT,yes,F,2581
9095,3,20,filler,TT,yes,F,4247
9095,3,7,standard,FT,depends,J,2099
9095,3,18,biscuit,TF,no,J,4065
9095,3,2,standard,TT,yes,F,2864
9095,3,27,filler,TT,yes,J,2659
9095,3,13,biscuit,FT,depends,J,3338
9095,3,11,biscuit,TT,yes,F,3784
9095,3,24,filler,TT,yes,F,1922
9095,3,4,standard,FT,depends,J,2047
9095,3,3,standard,TF,no,J,3709
9095,3,26,filler,TT,yes,F,2663
9095,3,16,biscuit,TT,yes,F,3205
9095,3,14,biscuit,TT,yes,F,2620
9095,3,19,filler,FT,no,J,2767
9485,2,22,filler,TT,yes,F,7779
9485,2,1,standard,TF,no,J,6692
9485,2,8,standard,FT,depends,J,4413
9485,2,15,biscuit,TT,yes,F,5309
9485,2,21,filler,TT,yes,F,8265
9485,2,12,biscuit,TT,yes,F,5574
9485,2,5,standard,FT,depends,J,3428
9485,2,6,standard,TT,yes,F,2744
9485,2,25,filler,TF,no,J,6094
9485,2,10,biscuit,TF,no,J,6957
9485,2,9,standard,TT,yes,F,4923
9485,2,23,filler,TT,yes,F,5308
9485,2,17,biscuit,FT,depends,J,5460
9485,2,20,filler,FT,no,J,8537
9485,2,7,standard,TF,no,J,4173
9485,2,18,biscuit,TT,yes,F,5886
9485,2,2,standard,FT,depends,J,6129
9485,2,27,filler,TT,yes,F,5665
9485,2,13,biscuit,TF,no,J,4778
9485,2,11,biscuit,FT,depends,J,4465
9485,2,24,filler,TF,no,J,5928
9485,2,4,standard,TF,no,J,5011
9485,2,3,standard,TT,yes,F,4099
9485,2,26,filler,FT,no,J,5589
9485,2,16,biscuit,TF,no,J,5564
9485,2,14,biscuit,FT,depends,J,7441
9485,2,19,filler,TT,yes,F,5748
2023,2,22,filler,TT,yes,F,3555
2023,2,1,standard,TF,no,J,2827
2023,2,8,standard,FT,depends,J,3907
2023,2,15,biscuit,TT,yes,F,3866
2023,2,21,filler,TT,yes,F,3965
2023,2,12,biscuit,TT,yes,F,4275
2023,2,5,standard,FT,depends,J,3595
2023,2,6,standard,TT,yes,F,3047
2023,2,25,filler,TF,no,J,3154
2023,2,10,biscuit,TF,no,J,2488
2023,2,9,standard,TT,yes,F,2914
2023,2,23,filler,TT,yes,F,3655
2023,2,17,biscuit,FT,depends,J,4281
2023,2,20,filler,FT,no,F,5656
2023,2,7,standard,TF,no,J,4096
2023,2,18,biscuit,TT,yes,F,3977
2023,2,2,standard,FT,depends,J,3475
2023,2,27,filler,TT,yes,F,4827
2023,2,13,biscuit,TF,no,J,3244
2023,2,11,biscuit,FT,depends,J,3720
2023,2,24,filler,TF,no,J,4720
2023,2,4,standard,TF,no,J,4182
2023,2,3,standard,TT,yes,F,3004
2023,2,26,filler,FT,no,F,3701
2023,2,16,biscuit,TF,no,J,4369
2023,2,14,biscuit,FT,depends,F,3676
2023,2,19,filler,TT,yes,F,3967
3524,2,22,filler,TT,yes,F,4172
3524,2,1,standard,TF,no,F,3541
3524,2,8,standard,FT,depends,J,3320
3524,2,15,biscuit,TT,yes,F,3722
3524,2,21,filler,TT,yes,F,3087
3524,2,12,biscuit,TT,yes,F,3198
3524,2,5,standard,FT,depends,F,2906
3524,2,6,standard,TT,yes,F,4815
3524,2,25,filler,TF,no,J,3979
3524,2,10,biscuit,TF,no,J,2803
3524,2,9,standard,TT,yes,F,4334
3524,2,23,filler,TT,yes,F,2729
3524,2,17,biscuit,FT,depends,J,3324
3524,2,20,filler,FT,no,J,3344
3524,2,7,standard,TF,no,J,3805
3524,2,18,biscuit,TT,yes,F,5658
3524,2,2,standard,FT,depends,F,2956
3524,2,27,filler,TT,yes,J,3392
3524,2,13,biscuit,TF,no,J,4316
3524,2,11,biscuit,FT,depends,J,3149
3524,2,24,filler,TF,no,J,5703
3524,2,4,standard,TF,no,J,2742
3524,2,3,standard,TT,yes,F,2493
3524,2,26,filler,FT,no,F,3246
3524,2,16,biscuit,TF,no,J,3172
3524,2,14,biscuit,FT,depends,J,4504
3524,2,19,filler,TT,yes,F,3730
2754,2,22,filler,TT,yes,F,2532
2754,2,1,standard,TF,no,J,2482
2754,2,8,standard,FT,depends,J,2853
2754,2,15,biscuit,TT,yes,F,3043
2754,2,21,filler,TT,yes,F,3087
2754,2,12,biscuit,TT,yes,F,2795
2754,2,5,standard,FT,depends,F,2256
2754,2,6,standard,TT,yes,F,2451
2754,2,25,filler,TF,no,J,2540
2754,2,10,biscuit,TF,no,J,2925
2754,2,9,standard,TT,yes,F,2809
2754,2,23,filler,TT,yes,F,2336
2754,2,17,biscuit,FT,depends,J,3095
2754,2,20,filler,FT,no,J,3409
2754,2,7,standard,TF,no,J,2575
2754,2,18,biscuit,TT,yes,F,2730
2754,2,2,standard,FT,depends,J,2886
2754,2,27,filler,TT,yes,F,3241
2754,2,13,biscuit,TF,no,J,2951
2754,2,11,biscuit,FT,depends,J,2860
2754,2,24,filler,TF,no,J,3149
2754,2,4,standard,TF,no,J,3004
2754,2,3,standard,TT,yes,F,2525
2754,2,26,filler,FT,no,F,2650
2754,2,16,biscuit,TF,no,J,2566
2754,2,14,biscuit,FT,depends,J,3220
2754,2,19,filler,TT,yes,F,3454