"Trial","TaskWAV","Selected","Correct","RT","Subj_ID","list","Group","log_RT"
"1","DET_Task_sein-e_Lieblingsmilch.wav","TARGET","1","883","Y1",1,1,6.78332520060396
"2","DET_Task_sein-e_Lieblingsgeige.wav","TARGET","1","1111","Y1",1,1,7.01301578963963
"3","DET_Task_ihr-e_Lieblingsweste.wav","TARGET","1","952","Y1",1,1,6.85856503479136
"4","DET_Task_sein-0_Lieblingspullover.wav","TARGET","1","971","Y1",1,1,6.87832646829133
"5","DET_Task_ihr-0_Lieblingsloeffel.wav","TARGET","1","1256","Y1",1,1,7.13568734702814
"6","DET_Task_ihr-0_Lieblingsapfel.wav","TARGET","1","862","Y1",1,1,6.75925527066369
"7","DET_Task_sein-0_Lieblingsbesen.wav","TARGET","1","517","Y1",1,1,6.24804287450843
"8","DET_Task_ihr-0_Lieblingsguertel.wav","TARGET","1","789","Y1",1,1,6.67076632084587
"9","DET_Task_ihr-0_Lieblingskaese.wav","TARGET","1","546","Y1",1,1,6.30261897574491
"10","DET_Task_sein-e_Lieblingsglocke.wav","TARGET","1","1044","Y1",1,1,6.95081476844258
"11","DET_Task_sein-0_Lieblingsdrachen.wav","TARGET","1","750","Y1",1,1,6.62007320653036
"12","DET_Task_ihr-e_Lieblingsfeder.wav","TARGET","1","833","Y1",1,1,6.72503364216684
"13","DET_Task_ihr-e_Lieblingspizza.wav","TARGET","1","1119","Y1",1,1,7.02019070831193
"14","DET_Task_ihr-0_Lieblingsfaecher.wav","TARGET","1","970","Y1",1,1,6.87729607149743
"15","DET_Task_sein-e_Lieblingswurst.wav","TARGET","1","542","Y1",1,1,6.29526600143965
"16","DET_Task_sein-0_Lieblingstisch.wav","Possessee_comp","0","606","Y1",1,1,6.40687998606931
"17","DET_Task_ihr-e_Lieblingsangel.wav","TARGET","1","1729","Y1",1,1,7.45529848568329
"18","DET_Task_ihr-e_Lieblingssaege.wav","TARGET","1","1207","Y1",1,1,7.09589322109753
"19","DET_Task_sein-e_Lieblingsharfe.wav","TARGET","1","931","Y1",1,1,6.83625927727707
"20","DET_Task_ihr-0_Lieblingsteller.wav","TARGET","1","599","Y1",1,1,6.39526159811545
"21","DET_Task_ihr-e_Lieblingskuh.wav","TARGET","1","1336","Y1",1,1,7.19743535409659
"22","DET_Task_ihr-0_Lieblingsroboter.wav","TARGET","1","529","Y1",1,1,6.2709884318583
"23","DET_Task_sein-e_Lieblingskirsche.wav","TARGET","1","1090","Y1",1,1,6.99393297522319
"24","DET_Task_sein-e_Lieblingskette.wav","TARGET","1","898","Y1",1,1,6.8001700683022
"25","DET_Task_ihr-e_Lieblingsschere.wav","TARGET","1","760","Y1",1,1,6.63331843328038
"26","DET_Task_sein-e_Lieblingsavocado.wav","Possessor_comp","0","823","Y1",1,1,6.71295620067707
"27","DET_Task_ihr-e_Lieblingszwiebel.wav","TARGET","1","1491","Y1",1,1,7.30720231476474
"28","DET_Task_sein-e_Lieblingsfeder.wav","TARGET","1","1761","Y1",1,1,7.47363710849621
"29","DET_Task_sein-0_Lieblingsschlitten.wav","TARGET","1","927","Y1",1,1,6.83195356556585
"30","DET_Task_ihr-e_Lieblingsbrille.wav","TARGET","1","755","Y1",1,1,6.62671774924902
"31","DET_Task_sein-0_Lieblingskegel.wav","TARGET","1","480","Y1",1,1,6.17378610390194
"32","DET_Task_ihr-e_Lieblingswurst.wav","TARGET","1","767","Y1",1,1,6.64248680136726
"33","DET_Task_sein-e_Lieblingsschuerze.wav","TARGET","1","807","Y1",1,1,6.69332366826995
"34","DET_Task_ihr-0_Lieblingstisch.wav","TARGET","1","683","Y1",1,1,6.52649485957079
"35","DET_Task_ihr-0_Lieblingsdelfin.wav","TARGET","1","1151","Y1",1,1,7.04838640872188
"36","DET_Task_sein-0_Lieblingsnagel.wav","TARGET","1","578","Y1",1,1,6.35957386867238
"37","DET_Task_ihr-0_Lieblingstrichter.wav","TARGET","1","452","Y1",1,1,6.11368217983223
"38","DET_Task_ihr-e_Lieblingskerze.wav","Possessee_comp","0","754","Y1",1,1,6.62539236800796
"39","DET_Task_ihr-0_Lieblingstoaster.wav","TARGET","1","903","Y1",1,1,6.80572255341699
"40","DET_Task_sein-e_Lieblingstrommel.wav","TARGET","1","1113","Y1",1,1,7.01481435127554
"41","DET_Task_sein-0_Lieblingskoffer.wav","TARGET","1","855","Y1",1,1,6.75110146893676
"42","DET_Task_ihr-0_Lieblingskalender.wav","TARGET","1","592","Y1",1,1,6.38350663488401
"43","DET_Task_sein-0_Lieblingskaese.wav","TARGET","1","801","Y1",1,1,6.68586094706836
"44","DET_Task_ihr-0_Lieblingshut.wav","TARGET","1","1092","Y1",1,1,6.99576615630485
"45","DET_Task_ihr-e_Lieblingsmaus.wav","TARGET","1","1124","Y1",1,1,7.02464903045364
"46","DET_Task_ihr-e_Lieblingsavocado.wav","TARGET","1","1614","Y1",1,1,7.38647084882989
"47","DET_Task_sein-0_Lieblingsring.wav","TARGET","1","893","Y1",1,1,6.7945865808765
"48","DET_Task_sein-e_Lieblingszwiebel.wav","TARGET","1","1291","Y1",1,1,7.16317239084664
"49","DET_Task_sein-0_Lieblingsapfel.wav","TARGET","1","724","Y1",1,1,6.58479139238572
"50","DET_Task_ihr-0_Lieblingshonig.wav","TARGET","1","869","Y1",1,1,6.76734312526539
"51","DET_Task_ihr-e_Lieblingskatze.wav","TARGET","1","909","Y1",1,1,6.81234509417748
"52","DET_Task_sein-0_Lieblingstraktor.wav","TARGET","1","384","Y1",1,1,5.95064255258773
"54","DET_Task_ihr-0_Lieblingsknoten.wav","TARGET","1","553","Y1",1,1,6.31535800152233
"55","DET_Task_sein-e_Lieblingstreppe.wav","TARGET","1","1002","Y1",1,1,6.90975328164481
"56","DET_Task_sein-0_Lieblingsguertel.wav","TARGET","1","237","Y1",1,1,5.46806014113513
"57","DET_Task_ihr-e_Lieblingssaeule.wav","TARGET","1","1114","Y1",1,1,7.01571242048723
"58","DET_Task_sein-0_Lieblingswuerfel.wav","TARGET","1","474","Y1",1,1,6.16120732169508
"59","DET_Task_sein-0_Lieblingsspiegel.wav","TARGET","1","478","Y1",1,1,6.16961073249146
"60","DET_Task_ihr-e_Lieblingsgeige.wav","TARGET","1","1142","Y1",1,1,7.04053639021596
"61","DET_Task_sein-0_Lieblingsroboter.wav","TARGET","1","329","Y1",1,1,5.79605775076537
"62","DET_Task_sein-e_Lieblingslampe.wav","TARGET","1","971","Y1",1,1,6.87832646829133
"63","DET_Task_sein-e_Lieblingstasse.wav","Possessor_comp","0","755","Y1",1,1,6.62671774924902
"64","DET_Task_ihr-0_Lieblingsteppich.wav","TARGET","1","616","Y1",1,1,6.42324696353352
"65","DET_Task_sein-0_Lieblingsspargel.wav","TARGET","1","1531","Y1",1,1,7.33367639565768
"66","DET_Task_sein-0_Lieblingszirkel.wav","TARGET","1","784","Y1",1,1,6.66440902035041
"67","DET_Task_ihr-e_Lieblingsameise.wav","TARGET","1","1195","Y1",1,1,7.08590146436561
"68","DET_Task_ihr-e_Lieblingsraupe.wav","TARGET","1","1039","Y1",1,1,6.94601399109923
"69","DET_Task_sein-e_Lieblingsschnecke.wav","TARGET","1","1067","Y1",1,1,6.97260625130175
"70","DET_Task_sein-0_Lieblingshut.wav","TARGET","1","394","Y1",1,1,5.97635090929793
"71","DET_Task_sein-e_Lieblingspfeife.wav","TARGET","1","482","Y1",1,1,6.1779441140506
"72","DET_Task_ihr-0_Lieblingskoffer.wav","TARGET","1","430","Y1",1,1,6.06378520868761
"73","DET_Task_sein-0_Lieblingsschuh.wav","TARGET","1","795","Y1",1,1,6.67834211465433
"74","DET_Task_ihr-e_Lieblingstreppe.wav","TARGET","1","601","Y1",1,1,6.39859493453521
"75","DET_Task_ihr-e_Lieblingsmuenze.wav","TARGET","1","764","Y1",1,1,6.63856778916652
"76","DET_Task_ihr-0_Lieblingsfuchs.wav","TARGET","1","904","Y1",1,1,6.80682936039218
"77","DET_Task_sein-0_Lieblingsfaecher.wav","TARGET","1","494","Y1",1,1,6.20253551718792
"78","DET_Task_ihr-0_Lieblingsspargel.wav","TARGET","1","480","Y1",1,1,6.17378610390194
"79","DET_Task_sein-0_Lieblingskalender.wav","TARGET","1","371","Y1",1,1,5.91620206260743
"80","DET_Task_sein-e_Lieblingsdusche.wav","TARGET","1","738","Y1",1,1,6.60394382460047
"81","DET_Task_ihr-e_Lieblingsqualle.wav","TARGET","1","603","Y1",1,1,6.40191719672719
"82","DET_Task_ihr-e_Lieblingskette.wav","TARGET","1","604","Y1",1,1,6.40357419793482
"83","DET_Task_sein-0_Lieblingsdiamant.wav","TARGET","1","212","Y1",1,1,5.35658627467201
"84","DET_Task_sein-0_Lieblingsteller.wav","TARGET","1","774","Y1",1,1,6.65157187358973
"85","DET_Task_sein-e_Lieblingszeitung.wav","TARGET","1","655","Y1",1,1,6.48463523563525
"86","DET_Task_ihr-0_Lieblingsdrache.wav","TARGET","1","1072","Y1",1,1,6.97728134163075
"87","DET_Task_sein-e_Lieblingstrompete.wav","TARGET","1","1040","Y1",1,1,6.94697599213542
"88","DET_Task_ihr-0_Lieblingshammer.wav","TARGET","1","382","Y1",1,1,5.94542060860658
"89","DET_Task_ihr-0_Lieblingsmantel.wav","TARGET","1","663","Y1",1,1,6.49677499018586
"90","DET_Task_ihr-e_Lieblingskruecke.wav","TARGET","1","981","Y1",1,1,6.88857245956536
"91","DET_Task_sein-0_Lieblingssessel.wav","TARGET","1","507","Y1",1,1,6.22851100359118
"92","DET_Task_ihr-0_Lieblingskuerbis.wav","TARGET","1","800","Y1",1,1,6.68461172766793
"93","DET_Task_ihr-0_Lieblingspinsel.wav","TARGET","1","505","Y1",1,1,6.22455842927536
"94","DET_Task_ihr-e_Lieblingskirsche.wav","TARGET","1","754","Y1",1,1,6.62539236800796
"95","DET_Task_sein-e_Lieblingskatze.wav","TARGET","1","653","Y1",1,1,6.48157712927643
"96","DET_Task_sein-e_Lieblingskuh.wav","TARGET","1","772","Y1",1,1,6.64898455002478
"97","DET_Task_ihr-e_Lieblingsschaufel.wav","TARGET","1","591","Y1",1,1,6.3818160174061
"98","DET_Task_sein-e_Lieblingskerze.wav","TARGET","1","824","Y1",1,1,6.71417052990947
"99","DET_Task_ihr-0_Lieblingspinguin.wav","TARGET","1","564","Y1",1,1,6.33505425149806
"100","DET_Task_sein-e_Lieblingsantenne.wav","TARGET","1","1041","Y1",1,1,6.94793706861497
"101","DET_Task_sein-e_Lieblingsangel.wav","TARGET","1","936","Y1",1,1,6.84161547647759
"102","DET_Task_ihr-0_Lieblingsschuh.wav","TARGET","1","342","Y1",1,1,5.8348107370626
"103","DET_Task_ihr-e_Lieblingsschnecke.wav","TARGET","1","707","Y1",1,1,6.56103066589657
"104","DET_Task_sein-e_Lieblingsgabel.wav","TARGET","1","583","Y1",1,1,6.36818718635049
"1","DET_Task_ihr-0_Lieblingsfuchs.wav","TARGET","1","477","Y2",3,1,6.16751649088834
"2","DET_Task_sein-0_Lieblingsnagel.wav","TARGET","1","343","Y2",3,1,5.83773044716594
"3","DET_Task_sein-0_Lieblingskalender.wav","TARGET","1","611","Y2",3,1,6.4150969591716
"4","DET_Task_ihr-0_Lieblingskuerbis.wav","TARGET","1","387","Y2",3,1,5.95842469302978
"5","DET_Task_ihr-e_Lieblingsameise.wav","TARGET","1","572","Y2",3,1,6.3491389913798
"6","DET_Task_ihr-0_Lieblingstrichter.wav","TARGET","1","680","Y2",3,1,6.52209279817015
"7","DET_Task_sein-0_Lieblingsbesen.wav","TARGET","1","786","Y2",3,1,6.66695679242921
"8","DET_Task_ihr-e_Lieblingsraupe.wav","TARGET","1","548","Y2",3,1,6.30627528694802
"9","DET_Task_ihr-e_Lieblingszwiebel.wav","TARGET","1","511","Y2",3,1,6.2363695902037
"10","DET_Task_ihr-0_Lieblingsschuh.wav","TARGET","1","655","Y2",3,1,6.48463523563525
"11","DET_Task_sein-e_Lieblingstreppe.wav","TARGET","1","532","Y2",3,1,6.27664348934164
"12","DET_Task_ihr-e_Lieblingskuh.wav","TARGET","1","466","Y2",3,1,6.14418563412565
"13","DET_Task_ihr-e_Lieblingsavocado.wav","TARGET","1","362","Y2",3,1,5.89164421182577
"14","DET_Task_sein-e_Lieblingswurst.wav","TARGET","1","281","Y2",3,1,5.63835466933375
"15","DET_Task_ihr-0_Lieblingsroboter.wav","TARGET","1","472","Y2",3,1,6.15697898558556
"16","DET_Task_sein-0_Lieblingsspiegel.wav","TARGET","1","416","Y2",3,1,6.03068526026126
"17","DET_Task_ihr-0_Lieblingsapfel.wav","TARGET","1","511","Y2",3,1,6.2363695902037
"18","DET_Task_ihr-0_Lieblingskoffer.wav","TARGET","1","275","Y2",3,1,5.61677109766657
"19","DET_Task_sein-e_Lieblingsschuerze.wav","TARGET","1","352","Y2",3,1,5.8636311755981
"20","DET_Task_ihr-e_Lieblingsgeige.wav","TARGET","1","645","Y2",3,1,6.46925031679577
"21","DET_Task_sein-e_Lieblingstrommel.wav","TARGET","1","344","Y2",3,1,5.8406416573734
"22","DET_Task_sein-e_Lieblingsfeder.wav","TARGET","1","373","Y2",3,1,5.92157841964382
"23","DET_Task_ihr-0_Lieblingshonig.wav","TARGET","1","465","Y2",3,1,6.14203740558736
"24","DET_Task_ihr-e_Lieblingsqualle.wav","TARGET","1","556","Y2",3,1,6.32076829425058
"25","DET_Task_sein-0_Lieblingsdiamant.wav","TARGET","1","520","Y2",3,1,6.25382881157547
"26","DET_Task_sein-e_Lieblingsharfe.wav","TARGET","1","250","Y2",3,1,5.52146091786225
"27","DET_Task_sein-0_Lieblingsteller.wav","TARGET","1","375","Y2",3,1,5.92692602597041
"28","DET_Task_ihr-0_Lieblingsfaecher.wav","TARGET","1","352","Y2",3,1,5.8636311755981
"29","DET_Task_ihr-e_Lieblingskette.wav","TARGET","1","802","Y2",3,1,6.68710860786651
"30","DET_Task_ihr-e_Lieblingsschnecke.wav","TARGET","1","501","Y2",3,1,6.21660610108486
"31","DET_Task_sein-0_Lieblingsapfel.wav","TARGET","1","481","Y2",3,1,6.17586727010576
"32","DET_Task_sein-e_Lieblingspfeife.wav","TARGET","1","312","Y2",3,1,5.74300318780948
"33","DET_Task_ihr-0_Lieblingsspargel.wav","TARGET","1","281","Y2",3,1,5.63835466933375
"34","DET_Task_sein-e_Lieblingskirsche.wav","TARGET","1","460","Y2",3,1,6.13122648948314
"35","DET_Task_ihr-0_Lieblingspinsel.wav","TARGET","1","942","Y2",3,1,6.84800527457636
"36","DET_Task_sein-0_Lieblingskaese.wav","TARGET","1","452","Y2",3,1,6.11368217983223
"37","DET_Task_sein-0_Lieblingszirkel.wav","TARGET","1","447","Y2",3,1,6.10255859461357
"39","DET_Task_ihr-e_Lieblingssaege.wav","TARGET","1","493","Y2",3,1,6.20050917404269
"40","DET_Task_sein-e_Lieblingstasse.wav","TARGET","1","237","Y2",3,1,5.46806014113513
"41","DET_Task_sein-e_Lieblingsmilch.wav","TARGET","1","600","Y2",3,1,6.39692965521615
"42","DET_Task_ihr-e_Lieblingsangel.wav","Possessee_comp","0","620","Y2",3,1,6.42971947803914
"43","DET_Task_sein-e_Lieblingsdusche.wav","TARGET","1","554","Y2",3,1,6.31716468674728
"44","DET_Task_ihr-0_Lieblingsteppich.wav","TARGET","1","969","Y2",3,1,6.87626461189077
"46","DET_Task_ihr-e_Lieblingskruecke.wav","TARGET","1","558","Y2",3,1,6.32435896238131
"47","DET_Task_sein-e_Lieblingsgabel.wav","TARGET","1","580","Y2",3,1,6.36302810354046
"48","DET_Task_sein-0_Lieblingshut.wav","TARGET","1","452","Y2",3,1,6.11368217983223
"49","DET_Task_ihr-e_Lieblingsbrille.wav","TARGET","1","746","Y2",3,1,6.61472560020376
"50","DET_Task_ihr-e_Lieblingsmuenze.wav","TARGET","1","450","Y2",3,1,6.10924758276437
"51","DET_Task_sein-0_Lieblingssessel.wav","TARGET","1","311","Y2",3,1,5.73979291217923
"52","DET_Task_sein-0_Lieblingsfaecher.wav","TARGET","1","485","Y2",3,1,6.18414889093748
"53","DET_Task_sein-e_Lieblingskerze.wav","TARGET","1","341","Y2",3,1,5.83188247728352
"54","DET_Task_ihr-0_Lieblingsteller.wav","TARGET","1","324","Y2",3,1,5.78074351579233
"55","DET_Task_sein-0_Lieblingsdrachen.wav","TARGET","1","291","Y2",3,1,5.67332326717149
"56","DET_Task_ihr-0_Lieblingskaese.wav","TARGET","1","540","Y2",3,1,6.29156913955832
"57","DET_Task_ihr-e_Lieblingskatze.wav","TARGET","1","589","Y2",3,1,6.37842618365159
"58","DET_Task_sein-0_Lieblingswuerfel.wav","TARGET","1","403","Y2",3,1,5.99893656194668
"59","DET_Task_sein-e_Lieblingszeitung.wav","Possessee_comp","0","870","Y2",3,1,6.76849321164863
"60","DET_Task_sein-e_Lieblingsschnecke.wav","TARGET","1","398","Y2",3,1,5.98645200528444
"61","DET_Task_ihr-0_Lieblingsguertel.wav","TARGET","1","474","Y2",3,1,6.16120732169508
"62","DET_Task_sein-e_Lieblingsantenne.wav","TARGET","1","526","Y2",3,1,6.26530121273771
"63","DET_Task_ihr-0_Lieblingspinguin.wav","TARGET","1","278","Y2",3,1,5.62762111369064
"64","DET_Task_ihr-e_Lieblingskirsche.wav","TARGET","1","658","Y2",3,1,6.48920493132532
"65","DET_Task_sein-0_Lieblingstisch.wav","TARGET","1","356","Y2",3,1,5.87493073085203
"66","DET_Task_ihr-e_Lieblingsfeder.wav","TARGET","1","1066","Y2",3,1,6.97166860472579
"67","DET_Task_sein-0_Lieblingskoffer.wav","TARGET","1","469","Y2",3,1,6.15060276844628
"68","DET_Task_ihr-0_Lieblingsknoten.wav","TARGET","1","337","Y2",3,1,5.82008293035236
"69","DET_Task_ihr-e_Lieblingsmaus.wav","TARGET","1","610","Y2",3,1,6.41345895716736
"70","DET_Task_sein-e_Lieblingskuh.wav","TARGET","1","884","Y2",3,1,6.78445706263764
"71","DET_Task_ihr-0_Lieblingsloeffel.wav","TARGET","1","279","Y2",3,1,5.63121178182137
"72","DET_Task_ihr-e_Lieblingsweste.wav","TARGET","1","605","Y2",3,1,6.40522845803084
"73","DET_Task_sein-e_Lieblingszwiebel.wav","TARGET","1","370","Y2",3,1,5.91350300563827
"74","DET_Task_sein-0_Lieblingskegel.wav","TARGET","1","254","Y2",3,1,5.53733426701854
"75","DET_Task_ihr-0_Lieblingshammer.wav","TARGET","1","418","Y2",3,1,6.03548143252476
"76","DET_Task_sein-0_Lieblingsspargel.wav","TARGET","1","582","Y2",3,1,6.36647044773144
"77","DET_Task_sein-e_Lieblingskatze.wav","TARGET","1","649","Y2",3,1,6.47543271670409
"78","DET_Task_sein-0_Lieblingsschuh.wav","TARGET","1","439","Y2",3,1,6.08449941307517
"79","DET_Task_ihr-e_Lieblingsschaufel.wav","TARGET","1","472","Y2",3,1,6.15697898558556
"80","DET_Task_ihr-e_Lieblingstreppe.wav","TARGET","1","512","Y2",3,1,6.23832462503951
"81","DET_Task_sein-0_Lieblingsguertel.wav","TARGET","1","431","Y2",3,1,6.06610809010375
"82","DET_Task_ihr-e_Lieblingsschere.wav","TARGET","1","529","Y2",3,1,6.2709884318583
"83","DET_Task_ihr-e_Lieblingspizza.wav","TARGET","1","557","Y2",3,1,6.32256523992728
"84","DET_Task_sein-0_Lieblingsring.wav","TARGET","1","322","Y2",3,1,5.77455154554441
"85","DET_Task_sein-0_Lieblingsschlitten.wav","TARGET","1","279","Y2",3,1,5.63121178182137
"86","DET_Task_ihr-0_Lieblingstisch.wav","TARGET","1","450","Y2",3,1,6.10924758276437
"87","DET_Task_sein-0_Lieblingsroboter.wav","TARGET","1","320","Y2",3,1,5.76832099579377
"88","DET_Task_ihr-e_Lieblingssaeule.wav","TARGET","1","737","Y2",3,1,6.60258789218934
"89","DET_Task_sein-e_Lieblingstrompete.wav","TARGET","1","849","Y2",3,1,6.74405918631135
"90","DET_Task_sein-e_Lieblingsavocado.wav","TARGET","1","372","Y2",3,1,5.91889385427315
"91","DET_Task_sein-0_Lieblingskuerbis.wav","TARGET","1","348","Y2",3,1,5.85220247977447
"92","DET_Task_ihr-0_Lieblingsdrache.wav","TARGET","1","362","Y2",3,1,5.89164421182577
"93","DET_Task_sein-e_Lieblingskette.wav","TARGET","1","542","Y2",3,1,6.29526600143965
"94","DET_Task_sein-e_Lieblingsglocke.wav","TARGET","1","748","Y2",3,1,6.61740297797448
"95","DET_Task_ihr-e_Lieblingswurst.wav","TARGET","1","802","Y2",3,1,6.68710860786651
"96","DET_Task_sein-e_Lieblingsgeige.wav","TARGET","1","669","Y2",3,1,6.50578406012823
"97","DET_Task_sein-e_Lieblingsangel.wav","TARGET","1","342","Y2",3,1,5.8348107370626
"98","DET_Task_ihr-0_Lieblingsmantel.wav","TARGET","1","376","Y2",3,1,5.92958914338989
"99","DET_Task_sein-e_Lieblingslampe.wav","TARGET","1","383","Y2",3,1,5.94803498918065
"100","DET_Task_ihr-0_Lieblingstoaster.wav","TARGET","1","327","Y2",3,1,5.78996017089725
"101","DET_Task_sein-0_Lieblingstraktor.wav","TARGET","1","303","Y2",3,1,5.71373280550937
"103","DET_Task_ihr-e_Lieblingskerze.wav","TARGET","1","629","Y2",3,1,6.44413125670044
"104","DET_Task_ihr-0_Lieblingsdelfin.wav","TARGET","1","303","Y2",3,1,5.71373280550937
"1","DET_Task_ihr-0_Lieblingsfuchs.wav","TARGET","1","4325","O1",3,2,8.37216741936598
"2","DET_Task_sein-0_Lieblingsnagel.wav","TARGET","1","2955","O1",3,2,7.9912539298402
"3","DET_Task_sein-0_Lieblingskalender.wav","TARGET","1","2948","O1",3,2,7.98888225330923
"4","DET_Task_ihr-0_Lieblingskuerbis.wav","TARGET","1","1947","O1",3,2,7.5740450053722
"5","DET_Task_ihr-e_Lieblingsameise.wav","TARGET","1","2238","O1",3,2,7.71333788887187
"6","DET_Task_ihr-0_Lieblingstrichter.wav","TARGET","1","2156","O1",3,2,7.67600993202889
"7","DET_Task_sein-0_Lieblingsbesen.wav","TARGET","1","2252","O1",3,2,7.71957398925958
"8","DET_Task_ihr-e_Lieblingsraupe.wav","TARGET","1","2262","O1",3,2,7.72400465667607
"9","DET_Task_ihr-e_Lieblingszwiebel.wav","TARGET","1","2462","O1",3,2,7.8087293067444
"10","DET_Task_ihr-0_Lieblingsschuh.wav","Possessee_comp","0","2401","O1",3,2,7.78364059622125
"11","DET_Task_sein-e_Lieblingstreppe.wav","TARGET","1","2299","O1",3,2,7.74022952476318
"12","DET_Task_ihr-e_Lieblingskuh.wav","TARGET","1","2463","O1",3,2,7.80913539812054
"13","DET_Task_ihr-e_Lieblingsavocado.wav","TARGET","1","1964","O1",3,2,7.58273848891441
"14","DET_Task_sein-e_Lieblingswurst.wav","TARGET","1","2005","O1",3,2,7.60339933974067
"15","DET_Task_ihr-0_Lieblingsroboter.wav","TARGET","1","2250","O1",3,2,7.71868549519847
"16","DET_Task_sein-0_Lieblingsspiegel.wav","TARGET","1","1954","O1",3,2,7.57763383260273
"17","DET_Task_ihr-0_Lieblingsapfel.wav","TARGET","1","1883","O1",3,2,7.54062152865715
"18","DET_Task_ihr-0_Lieblingskoffer.wav","TARGET","1","2065","O1",3,2,7.63288550539513
"19","DET_Task_sein-e_Lieblingsschuerze.wav","TARGET","1","1794","O1",3,2,7.49220304261874
"20","DET_Task_ihr-e_Lieblingsgeige.wav","TARGET","1","2409","O1",3,2,7.78696700261487
"21","DET_Task_sein-e_Lieblingstrommel.wav","TARGET","1","2493","O1",3,2,7.82124208352356
"22","DET_Task_sein-e_Lieblingsfeder.wav","TARGET","1","2324","O1",3,2,7.7510451179718
"23","DET_Task_ihr-0_Lieblingshonig.wav","TARGET","1","2208","O1",3,2,7.69984240739699
"24","DET_Task_ihr-e_Lieblingsqualle.wav","TARGET","1","2125","O1",3,2,7.66152708135852
"25","DET_Task_sein-0_Lieblingsdiamant.wav","TARGET","1","1944","O1",3,2,7.57250298502038
"26","DET_Task_sein-e_Lieblingsharfe.wav","TARGET","1","1758","O1",3,2,7.47193207824512
"27","DET_Task_sein-0_Lieblingsteller.wav","TARGET","1","1773","O1",3,2,7.48042830607421
"28","DET_Task_ihr-0_Lieblingsfaecher.wav","Possessee_comp","0","2398","O1",3,2,7.78239033558746
"29","DET_Task_ihr-e_Lieblingskette.wav","TARGET","1","2365","O1",3,2,7.76853330092603
"30","DET_Task_ihr-e_Lieblingsschnecke.wav","TARGET","1","2266","O1",3,2,7.72577144158795
"31","DET_Task_sein-0_Lieblingsapfel.wav","TARGET","1","1882","O1",3,2,7.54009032014532
"32","DET_Task_sein-e_Lieblingspfeife.wav","TARGET","1","2053","O1",3,2,7.62705741701893
"33","DET_Task_ihr-0_Lieblingsspargel.wav","TARGET","1","2067","O1",3,2,7.63385355968177
"34","DET_Task_sein-e_Lieblingskirsche.wav","TARGET","1","2630","O1",3,2,7.87473912517181
"35","DET_Task_ihr-0_Lieblingspinsel.wav","TARGET","1","2062","O1",3,2,7.63143166457691
"36","DET_Task_sein-0_Lieblingskaese.wav","TARGET","1","1861","O1",3,2,7.52886925664225
"37","DET_Task_sein-0_Lieblingszirkel.wav","TARGET","1","1914","O1",3,2,7.5569505720129
"38","DET_Task_ihr-0_Lieblingskalender.wav","TARGET","1","2034","O1",3,2,7.61775957660851
"39","DET_Task_ihr-e_Lieblingssaege.wav","TARGET","1","2442","O1",3,2,7.80057265467065
"40","DET_Task_sein-e_Lieblingstasse.wav","TARGET","1","1843","O1",3,2,7.51914995766982
"41","DET_Task_sein-e_Lieblingsmilch.wav","TARGET","1","1894","O1",3,2,7.54644627374602
"42","DET_Task_ihr-e_Lieblingsangel.wav","TARGET","1","2551","O1",3,2,7.84424071814181
"43","DET_Task_sein-e_Lieblingsdusche.wav","TARGET","1","1728","O1",3,2,7.454719949364
"44","DET_Task_ihr-0_Lieblingsteppich.wav","TARGET","1","2049","O1",3,2,7.6251071482389
"45","DET_Task_sein-0_Lieblingspullover.wav","TARGET","1","1702","O1",3,2,7.43955930913332
"46","DET_Task_ihr-e_Lieblingskruecke.wav","TARGET","1","2398","O1",3,2,7.78239033558746
"47","DET_Task_sein-e_Lieblingsgabel.wav","TARGET","1","1707","O1",3,2,7.44249272279444
"48","DET_Task_sein-0_Lieblingshut.wav","TARGET","1","2088","O1",3,2,7.64396194900253
"49","DET_Task_ihr-e_Lieblingsbrille.wav","TARGET","1","1693","O1",3,2,7.43425738213314
"50","DET_Task_ihr-e_Lieblingsmuenze.wav","TARGET","1","3262","O1",3,2,8.09009578318096
"51","DET_Task_sein-0_Lieblingssessel.wav","TARGET","1","1653","O1",3,2,7.41034709782102
"52","DET_Task_sein-0_Lieblingsfaecher.wav","TARGET","1","1779","O1",3,2,7.48380668766583
"53","DET_Task_sein-e_Lieblingskerze.wav","TARGET","1","2149","O1",3,2,7.67275789664251
"54","DET_Task_ihr-0_Lieblingsteller.wav","TARGET","1","1458","O1",3,2,7.2848209125686
"55","DET_Task_sein-0_Lieblingsdrachen.wav","TARGET","1","1507","O1",3,2,7.3178761986265
"56","DET_Task_ihr-0_Lieblingskaese.wav","TARGET","1","1692","O1",3,2,7.43366654016617
"57","DET_Task_ihr-e_Lieblingskatze.wav","TARGET","1","1741","O1",3,2,7.46221493976819
"58","DET_Task_sein-0_Lieblingswuerfel.wav","TARGET","1","1930","O1",3,2,7.56527528189893
"59","DET_Task_sein-e_Lieblingszeitung.wav","TARGET","1","1691","O1",3,2,7.43307534889858
"60","DET_Task_sein-e_Lieblingsschnecke.wav","TARGET","1","2105","O1",3,2,7.65207074611648
"61","DET_Task_ihr-0_Lieblingsguertel.wav","TARGET","1","1459","O1",3,2,7.28550654852279
"62","DET_Task_sein-e_Lieblingsantenne.wav","TARGET","1","1919","O1",3,2,7.5595594960077
"63","DET_Task_ihr-0_Lieblingspinguin.wav","TARGET","1","1878","O1",3,2,7.53796265976821
"64","DET_Task_ihr-e_Lieblingskirsche.wav","TARGET","1","1955","O1",3,2,7.57814547241947
"65","DET_Task_sein-0_Lieblingstisch.wav","TARGET","1","1489","O1",3,2,7.30586003268401
"66","DET_Task_ihr-e_Lieblingsfeder.wav","TARGET","1","1966","O1",3,2,7.58375630070711
"67","DET_Task_sein-0_Lieblingskoffer.wav","TARGET","1","1783","O1",3,2,7.48605261786314
"68","DET_Task_ihr-0_Lieblingsknoten.wav","TARGET","1","1468","O1",3,2,7.29165620917446
"69","DET_Task_ihr-e_Lieblingsmaus.wav","TARGET","1","2178","O1",3,2,7.68616230349291
"70","DET_Task_sein-e_Lieblingskuh.wav","TARGET","1","1715","O1",3,2,7.44716835960004
"71","DET_Task_ihr-0_Lieblingsloeffel.wav","TARGET","1","2493","O1",3,2,7.82124208352356
"72","DET_Task_ihr-e_Lieblingsweste.wav","TARGET","1","1885","O1",3,2,7.54168309988211
"73","DET_Task_sein-e_Lieblingszwiebel.wav","TARGET","1","1800","O1",3,2,7.49554194388426
"74","DET_Task_sein-0_Lieblingskegel.wav","TARGET","1","1830","O1",3,2,7.51207124583547
"75","DET_Task_ihr-0_Lieblingshammer.wav","TARGET","1","1288","O1",3,2,7.1608459066643
"76","DET_Task_sein-0_Lieblingsspargel.wav","TARGET","1","1374","O1",3,2,7.22548147278229
"77","DET_Task_sein-e_Lieblingskatze.wav","TARGET","1","2160","O1",3,2,7.67786350067821
"78","DET_Task_sein-0_Lieblingsschuh.wav","TARGET","1","1493","O1",3,2,7.30854279753919
"79","DET_Task_ihr-e_Lieblingsschaufel.wav","TARGET","1","2256","O1",3,2,7.72134861261795
"80","DET_Task_ihr-e_Lieblingstreppe.wav","TARGET","1","2043","O1",3,2,7.62217459481762
"81","DET_Task_sein-0_Lieblingsguertel.wav","TARGET","1","1382","O1",3,2,7.23128700432762
"82","DET_Task_ihr-e_Lieblingsschere.wav","TARGET","1","1767","O1",3,2,7.4770384723197
"83","DET_Task_ihr-e_Lieblingspizza.wav","TARGET","1","1931","O1",3,2,7.56579328242851
"84","DET_Task_sein-0_Lieblingsring.wav","TARGET","1","1528","O1",3,2,7.33171496972647
"85","DET_Task_sein-0_Lieblingsschlitten.wav","TARGET","1","1293","O1",3,2,7.16472037877186
"86","DET_Task_ihr-0_Lieblingstisch.wav","TARGET","1","1641","O1",3,2,7.40306109109009
"87","DET_Task_sein-0_Lieblingsroboter.wav","TARGET","1","1817","O1",3,2,7.50494206839617
"88","DET_Task_ihr-e_Lieblingssaeule.wav","TARGET","1","1937","O1",3,2,7.568895663407
"89","DET_Task_sein-e_Lieblingstrompete.wav","Possessee_comp","0","2410","O1",3,2,7.7873820264847
"90","DET_Task_sein-e_Lieblingsavocado.wav","TARGET","1","1713","O1",3,2,7.44600149832412
"91","DET_Task_sein-0_Lieblingskuerbis.wav","TARGET","1","1911","O1",3,2,7.55538194424027
"92","DET_Task_ihr-0_Lieblingsdrache.wav","TARGET","1","1364","O1",3,2,7.21817683840341
"93","DET_Task_sein-e_Lieblingskette.wav","TARGET","1","1837","O1",3,2,7.51588908521513
"94","DET_Task_sein-e_Lieblingsglocke.wav","TARGET","1","1894","O1",3,2,7.54644627374602
"95","DET_Task_ihr-e_Lieblingswurst.wav","TARGET","1","1869","O1",3,2,7.53315880745556
"96","DET_Task_sein-e_Lieblingsgeige.wav","TARGET","1","1939","O1",3,2,7.56992765524265
"97","DET_Task_sein-e_Lieblingsangel.wav","TARGET","1","1934","O1",3,2,7.56734567601324
"98","DET_Task_ihr-0_Lieblingsmantel.wav","TARGET","1","1553","O1",3,2,7.34794382314869
"99","DET_Task_sein-e_Lieblingslampe.wav","TARGET","1","1804","O1",3,2,7.49776170062257
"100","DET_Task_ihr-0_Lieblingstoaster.wav","TARGET","1","1400","O1",3,2,7.24422751560335
"101","DET_Task_sein-0_Lieblingstraktor.wav","TARGET","1","1567","O1",3,2,7.35691824235602
"102","DET_Task_ihr-0_Lieblingshut.wav","TARGET","1","1533","O1",3,2,7.33498187887181
"103","DET_Task_ihr-e_Lieblingskerze.wav","TARGET","1","2726","O1",3,2,7.91059061225648
"104","DET_Task_ihr-0_Lieblingsdelfin.wav","TARGET","1","3237","O1",3,2,8.08240225392624
"1","DET_Task_ihr-e_Lieblingsangel.wav","TARGET","1","2544","O3",4,2,7.84149292446001
"2","DET_Task_sein-e_Lieblingslampe.wav","TARGET","1","1828","O3",4,2,7.5109777520141
"3","DET_Task_ihr-0_Lieblingsfaecher.wav","Possessee_comp","0","1586","O3",4,2,7.36897040219479
"4","DET_Task_ihr-e_Lieblingszwiebel.wav","TARGET","1","2635","O3",4,2,7.87663846097546
"5","DET_Task_ihr-e_Lieblingskirsche.wav","TARGET","1","2494","O3",4,2,7.82164312623998
"6","DET_Task_sein-0_Lieblingskaese.wav","TARGET","1","1981","O3",4,2,7.59135704669855
"7","DET_Task_sein-0_Lieblingsbesen.wav","TARGET","1","1505","O3",4,2,7.31654817718298
"8","DET_Task_sein-e_Lieblingsdusche.wav","TARGET","1","1670","O3",4,2,7.4205789054108
"9","DET_Task_ihr-0_Lieblingsteller.wav","TARGET","1","2324","O3",4,2,7.7510451179718
"10","DET_Task_ihr-0_Lieblingsapfel.wav","TARGET","1","1540","O3",4,2,7.33953769540767
"11","DET_Task_ihr-e_Lieblingsavocado.wav","TARGET","1","2193","O3",4,2,7.69302574841789
"12","DET_Task_sein-e_Lieblingsgabel.wav","TARGET","1","1680","O3",4,2,7.4265490723973
"13","DET_Task_sein-e_Lieblingswurst.wav","TARGET","1","2130","O3",4,2,7.66387725870347
"14","DET_Task_sein-0_Lieblingsdrachen.wav","TARGET","1","1530","O3",4,2,7.33302301438648
"15","DET_Task_ihr-0_Lieblingshut.wav","TARGET","1","1906","O3",4,2,7.55276208421415
"16","DET_Task_sein-e_Lieblingsmilch.wav","TARGET","1","1841","O3",4,2,7.51806418123308
"17","DET_Task_ihr-0_Lieblingsloeffel.wav","TARGET","1","1546","O3",4,2,7.34342622914737
"18","DET_Task_ihr-0_Lieblingsschuh.wav","TARGET","1","1824","O3",4,2,7.50878717063428
"19","DET_Task_sein-e_Lieblingsfeder.wav","TARGET","1","1408","O3",4,2,7.24992553671799
"20","DET_Task_ihr-0_Lieblingstrichter.wav","TARGET","1","2088","O3",4,2,7.64396194900253
"21","DET_Task_ihr-0_Lieblingshammer.wav","TARGET","1","1702","O3",4,2,7.43955930913332
"22","DET_Task_sein-e_Lieblingskerze.wav","TARGET","1","1917","O3",4,2,7.55851674304564
"23","DET_Task_sein-0_Lieblingsschlitten.wav","TARGET","1","1335","O3",4,2,7.19668657083435
"24","DET_Task_sein-e_Lieblingskirsche.wav","TARGET","1","1977","O3",4,2,7.58933582317062
"25","DET_Task_ihr-0_Lieblingsmantel.wav","TARGET","1","2069","O3",4,2,7.63482067774554
"26","DET_Task_sein-0_Lieblingskalender.wav","TARGET","1","1590","O3",4,2,7.37148929521428
"27","DET_Task_sein-e_Lieblingsharfe.wav","TARGET","1","1608","O3",4,2,7.38274644973891
"28","DET_Task_ihr-e_Lieblingsgeige.wav","TARGET","1","2132","O3",4,2,7.66481578528574
"29","DET_Task_sein-0_Lieblingskoffer.wav","TARGET","1","1570","O3",4,2,7.35883089834235
"30","DET_Task_sein-0_Lieblingstraktor.wav","TARGET","1","1458","O3",4,2,7.2848209125686
"31","DET_Task_sein-e_Lieblingstreppe.wav","TARGET","1","1674","O3",4,2,7.42297125104942
"32","DET_Task_ihr-0_Lieblingsspargel.wav","TARGET","1","1406","O3",4,2,7.24850407237061
"33","DET_Task_sein-0_Lieblingsdiamant.wav","TARGET","1","1943","O3",4,2,7.57198844937744
"34","DET_Task_sein-0_Lieblingsroboter.wav","TARGET","1","1455","O3",4,2,7.28276117960559
"35","DET_Task_ihr-e_Lieblingssaege.wav","TARGET","1","1809","O3",4,2,7.50052948539529
"36","DET_Task_ihr-0_Lieblingskuerbis.wav","TARGET","1","1725","O3",4,2,7.45298232946546
"37","DET_Task_sein-e_Lieblingsschnecke.wav","TARGET","1","1520","O3",4,2,7.32646561384032
"38","DET_Task_ihr-e_Lieblingskerze.wav","TARGET","1","1749","O3",4,2,7.4667994750186
"39","DET_Task_sein-0_Lieblingstisch.wav","TARGET","1","1267","O3",4,2,7.14440718032114
"40","DET_Task_ihr-e_Lieblingsqualle.wav","TARGET","1","1313","O3",4,2,7.1800698743028
"41","DET_Task_sein-0_Lieblingsfaecher.wav","TARGET","1","934","O3",4,2,6.83947643822884
"42","DET_Task_sein-e_Lieblingszeitung.wav","TARGET","1","1551","O3",4,2,7.34665516317654
"43","DET_Task_sein-e_Lieblingsangel.wav","TARGET","1","2252","O3",4,2,7.71957398925958
"44","DET_Task_ihr-e_Lieblingsbrille.wav","TARGET","1","1261","O3",4,2,7.13966033596492
"45","DET_Task_ihr-0_Lieblingskaese.wav","TARGET","1","1436","O3",4,2,7.26961674960817
"46","DET_Task_ihr-e_Lieblingswurst.wav","TARGET","1","1248","O3",4,2,7.12929754892937
"47","DET_Task_sein-e_Lieblingstrompete.wav","TARGET","1","1754","O3",4,2,7.46965417293213
"48","DET_Task_ihr-e_Lieblingskuh.wav","TARGET","1","2501","O3",4,2,7.82444593087762
"49","DET_Task_ihr-e_Lieblingsschaufel.wav","TARGET","1","1327","O3",4,2,7.19067603433221
"50","DET_Task_sein-e_Lieblingsglocke.wav","TARGET","1","1239","O3",4,2,7.12205988162914
"51","DET_Task_sein-0_Lieblingskuerbis.wav","TARGET","1","1861","O3",4,2,7.52886925664225
"52","DET_Task_ihr-0_Lieblingskoffer.wav","TARGET","1","1136","O3",4,2,7.0352685992811
"53","DET_Task_ihr-0_Lieblingsfuchs.wav","TARGET","1","3312","O3",4,2,8.10530751550515
"54","DET_Task_sein-0_Lieblingsnagel.wav","TARGET","1","1799","O3",4,2,7.49498623395053
"55","DET_Task_ihr-0_Lieblingsteppich.wav","TARGET","1","1463","O3",4,2,7.28824440102012
"56","DET_Task_sein-0_Lieblingszirkel.wav","TARGET","1","1279","O3",4,2,7.15383380157884
"57","DET_Task_ihr-e_Lieblingsraupe.wav","TARGET","1","1328","O3",4,2,7.19142933003638
"58","DET_Task_ihr-e_Lieblingsweste.wav","TARGET","1","1468","O3",4,2,7.29165620917446
"59","DET_Task_ihr-0_Lieblingskalender.wav","TARGET","1","1734","O3",4,2,7.45818615734049
"60","DET_Task_sein-e_Lieblingskette.wav","TARGET","1","1275","O3",4,2,7.15070145759253
"61","DET_Task_ihr-0_Lieblingspinguin.wav","TARGET","1","1244","O3",4,2,7.12608727329912
"62","DET_Task_ihr-0_Lieblingsknoten.wav","TARGET","1","1299","O3",4,2,7.1693500166706
"63","DET_Task_sein-0_Lieblingswuerfel.wav","TARGET","1","1554","O3",4,2,7.34858753092759
"64","DET_Task_ihr-0_Lieblingspinsel.wav","TARGET","1","1568","O3",4,2,7.35755620091035
"65","DET_Task_ihr-0_Lieblingsdelfin.wav","TARGET","1","2395","O3",4,2,7.78113850984502
"66","DET_Task_sein-0_Lieblingsguertel.wav","TARGET","1","1690","O3",4,2,7.43248380791712
"67","DET_Task_ihr-e_Lieblingsschnecke.wav","TARGET","1","2795","O3",4,2,7.9355873855892
"68","DET_Task_ihr-0_Lieblingsdrache.wav","TARGET","1","1216","O3",4,2,7.10332206252611
"69","DET_Task_ihr-0_Lieblingstoaster.wav","TARGET","1","2079","O3",4,2,7.63964228785801
"70","DET_Task_sein-e_Lieblingsavocado.wav","TARGET","1","1559","O3",4,2,7.35179986905778
"71","DET_Task_sein-e_Lieblingskatze.wav","TARGET","1","2933","O3",4,2,7.98378106897745
"72","DET_Task_ihr-e_Lieblingskette.wav","Possessee_comp","0","1645","O3",4,2,7.40549566319947
"73","DET_Task_ihr-0_Lieblingsroboter.wav","TARGET","1","2057","O3",4,2,7.62900388965296
"74","DET_Task_ihr-e_Lieblingssaeule.wav","TARGET","1","1907","O3",4,2,7.55328660560042
"75","DET_Task_sein-0_Lieblingsteller.wav","TARGET","1","1432","O3",4,2,7.26682734752059
"76","DET_Task_sein-0_Lieblingskegel.wav","TARGET","1","1525","O3",4,2,7.32974968904151
"77","DET_Task_ihr-e_Lieblingsmuenze.wav","TARGET","1","2190","O3",4,2,7.69165682281055
"78","DET_Task_sein-e_Lieblingsschuerze.wav","TARGET","1","1467","O3",4,2,7.29097477814298
"79","DET_Task_ihr-e_Lieblingsfeder.wav","TARGET","1","1497","O3",4,2,7.31121838441963
"80","DET_Task_sein-0_Lieblingsapfel.wav","TARGET","1","1555","O3",4,2,7.34923082461333
"81","DET_Task_ihr-0_Lieblingstisch.wav","TARGET","1","1650","O3",4,2,7.40853056689463
"82","DET_Task_sein-e_Lieblingstasse.wav","TARGET","1","1847","O3",4,2,7.52131798019924
"83","DET_Task_ihr-0_Lieblingsguertel.wav","TARGET","1","2015","O3",4,2,7.60837447438078
"84","DET_Task_ihr-e_Lieblingskatze.wav","TARGET","1","1937","O3",4,2,7.568895663407
"85","DET_Task_sein-0_Lieblingshut.wav","TARGET","1","1573","O3",4,2,7.36073990305828
"86","DET_Task_sein-e_Lieblingszwiebel.wav","TARGET","1","2216","O3",4,2,7.70345904786717
"87","DET_Task_sein-e_Lieblingsantenne.wav","TARGET","1","1978","O3",4,2,7.58984151218266
"88","DET_Task_ihr-e_Lieblingspizza.wav","TARGET","1","2632","O3",4,2,7.87549929244521
"89","DET_Task_ihr-e_Lieblingstreppe.wav","TARGET","1","1822","O3",4,2,7.5076900778199
"90","DET_Task_sein-e_Lieblingsgeige.wav","TARGET","1","3331","O3",4,2,8.11102783819368
"91","DET_Task_sein-0_Lieblingspullover.wav","TARGET","1","1766","O3",4,2,7.47647238116391
"92","DET_Task_sein-0_Lieblingssessel.wav","TARGET","1","1594","O3",4,2,7.37400185935016
"93","DET_Task_ihr-e_Lieblingsmaus.wav","TARGET","1","1858","O3",4,2,7.52725591937378
"94","DET_Task_ihr-e_Lieblingsschere.wav","TARGET","1","1745","O3",4,2,7.46450983463653
"95","DET_Task_sein-0_Lieblingsschuh.wav","TARGET","1","1406","O3",4,2,7.24850407237061
"96","DET_Task_sein-e_Lieblingspfeife.wav","TARGET","1","1602","O3",4,2,7.3790081276283
"97","DET_Task_sein-0_Lieblingsspargel.wav","TARGET","1","2358","O3",4,2,7.76556908109732
"98","DET_Task_ihr-0_Lieblingshonig.wav","TARGET","1","1189","O3",4,2,7.08086789669078
"99","DET_Task_sein-e_Lieblingskuh.wav","TARGET","1","1843","O3",4,2,7.51914995766982
"100","DET_Task_sein-e_Lieblingstrommel.wav","TARGET","1","1464","O3",4,2,7.28892769452126
"101","DET_Task_sein-0_Lieblingsspiegel.wav","TARGET","1","1615","O3",4,2,7.38709023565676
"102","DET_Task_ihr-e_Lieblingsameise.wav","TARGET","1","1383","O3",4,2,7.23201033166476
"103","DET_Task_ihr-e_Lieblingskruecke.wav","TARGET","1","1702","O3",4,2,7.43955930913332
"104","DET_Task_sein-0_Lieblingsring.wav","TARGET","1","1991","O3",4,2,7.5963923040642
"1","DET_Task_ihr-e_Lieblingsangel.wav","TARGET","1","2240","O2",4,2,7.71423114484909
"2","DET_Task_sein-e_Lieblingslampe.wav","TARGET","1","1967","O2",4,2,7.58426481838906
"3","DET_Task_ihr-0_Lieblingsfaecher.wav","TARGET","1","1948","O2",4,2,7.57455848420248
"4","DET_Task_ihr-e_Lieblingszwiebel.wav","TARGET","1","1892","O2",4,2,7.54538974961182
"5","DET_Task_ihr-e_Lieblingskirsche.wav","TARGET","1","1868","O2",4,2,7.53262361878879
"6","DET_Task_sein-0_Lieblingskaese.wav","TARGET","1","1528","O2",4,2,7.33171496972647
"7","DET_Task_sein-0_Lieblingsbesen.wav","TARGET","1","1394","O2",4,2,7.23993259132047
"8","DET_Task_sein-e_Lieblingsdusche.wav","Possessee_comp","0","1346","O2",4,2,7.20489251020467
"9","DET_Task_ihr-0_Lieblingsteller.wav","TARGET","1","1730","O2",4,2,7.45587668749182
"10","DET_Task_ihr-0_Lieblingsapfel.wav","TARGET","1","1662","O2",4,2,7.41577697541539
"11","DET_Task_ihr-e_Lieblingsavocado.wav","TARGET","1","1832","O2",4,2,7.51316354523408
"12","DET_Task_sein-e_Lieblingsgabel.wav","TARGET","1","2172","O2",4,2,7.68340368105383
"13","DET_Task_sein-e_Lieblingswurst.wav","TARGET","1","1681","O2",4,2,7.42714413340862
"14","DET_Task_sein-0_Lieblingsdrachen.wav","TARGET","1","2094","O2",4,2,7.64683139143048
"15","DET_Task_ihr-0_Lieblingshut.wav","TARGET","1","1985","O2",4,2,7.59337419312129
"16","DET_Task_sein-e_Lieblingsmilch.wav","TARGET","1","1523","O2",4,2,7.32843735289516
"17","DET_Task_ihr-0_Lieblingsloeffel.wav","Possessee_comp","0","1237","O2",4,2,7.12044437239249
"18","DET_Task_ihr-0_Lieblingsschuh.wav","TARGET","1","1178","O2",4,2,7.07157336421153
"19","DET_Task_sein-e_Lieblingsfeder.wav","TARGET","1","2381","O2",4,2,7.77527584648686
"20","DET_Task_ihr-0_Lieblingstrichter.wav","TARGET","1","1332","O2",4,2,7.19443685110033
"21","DET_Task_ihr-0_Lieblingshammer.wav","TARGET","1","1889","O2",4,2,7.54380286750151
"22","DET_Task_sein-e_Lieblingskerze.wav","TARGET","1","1726","O2",4,2,7.45356187164337
"23","DET_Task_sein-0_Lieblingsschlitten.wav","TARGET","1","1017","O2",4,2,6.92461239604856
"24","DET_Task_sein-e_Lieblingskirsche.wav","TARGET","1","1585","O2",4,2,7.36833968631138
"25","DET_Task_ihr-0_Lieblingsmantel.wav","Possessee_comp","0","998","O2",4,2,6.90575327631146
"26","DET_Task_sein-0_Lieblingskalender.wav","TARGET","1","912","O2",4,2,6.81563999007433
"27","DET_Task_sein-e_Lieblingsharfe.wav","TARGET","1","2340","O2",4,2,7.75790620835175
"28","DET_Task_ihr-e_Lieblingsgeige.wav","TARGET","1","1505","O2",4,2,7.31654817718298
"29","DET_Task_sein-0_Lieblingskoffer.wav","TARGET","1","1106","O2",4,2,7.00850518208228
"30","DET_Task_sein-0_Lieblingstraktor.wav","TARGET","1","1300","O2",4,2,7.17011954344963
"31","DET_Task_sein-e_Lieblingstreppe.wav","TARGET","1","1110","O2",4,2,7.01211529430638
"32","DET_Task_ihr-0_Lieblingsspargel.wav","TARGET","1","833","O2",4,2,6.72503364216684
"33","DET_Task_sein-0_Lieblingsdiamant.wav","TARGET","1","1254","O2",4,2,7.13409372119287
"34","DET_Task_sein-0_Lieblingsroboter.wav","TARGET","1","1523","O2",4,2,7.32843735289516
"35","DET_Task_ihr-e_Lieblingssaege.wav","TARGET","1","1859","O2",4,2,7.52779398772144
"36","DET_Task_ihr-0_Lieblingskuerbis.wav","TARGET","1","1634","O2",4,2,7.39878627541995
"37","DET_Task_sein-e_Lieblingsschnecke.wav","TARGET","1","2099","O2",4,2,7.64921631982063
"38","DET_Task_ihr-e_Lieblingskerze.wav","TARGET","1","1823","O2",4,2,7.50823877467866
"39","DET_Task_sein-0_Lieblingstisch.wav","TARGET","1","1088","O2",4,2,6.99209642741589
"40","DET_Task_ihr-e_Lieblingsqualle.wav","TARGET","1","1417","O2",4,2,7.25629723969068
"41","DET_Task_sein-0_Lieblingsfaecher.wav","TARGET","1","1508","O2",4,2,7.3185395485679
"42","DET_Task_sein-e_Lieblingszeitung.wav","TARGET","1","1081","O2",4,2,6.98564181763921
"43","DET_Task_sein-e_Lieblingsangel.wav","TARGET","1","983","O2",4,2,6.89060912014717
"44","DET_Task_ihr-e_Lieblingsbrille.wav","TARGET","1","1842","O2",4,2,7.51860721681525
"45","DET_Task_ihr-0_Lieblingskaese.wav","TARGET","1","1087","O2",4,2,6.99117688712121
"46","DET_Task_ihr-e_Lieblingswurst.wav","TARGET","1","1023","O2",4,2,6.93049476595163
"47","DET_Task_sein-e_Lieblingstrompete.wav","TARGET","1","1749","O2",4,2,7.4667994750186
"48","DET_Task_ihr-e_Lieblingskuh.wav","TARGET","1","1900","O2",4,2,7.54960916515453
"49","DET_Task_ihr-e_Lieblingsschaufel.wav","TARGET","1","1199","O2",4,2,7.08924315502751
"50","DET_Task_sein-e_Lieblingsglocke.wav","TARGET","1","978","O2",4,2,6.88550967003482
"51","DET_Task_sein-0_Lieblingskuerbis.wav","TARGET","1","1012","O2",4,2,6.91968384984741
"52","DET_Task_ihr-0_Lieblingskoffer.wav","TARGET","1","1223","O2",4,2,7.10906213568717
"53","DET_Task_ihr-0_Lieblingsfuchs.wav","TARGET","1","1350","O2",4,2,7.20785987143248
"54","DET_Task_sein-0_Lieblingsnagel.wav","TARGET","1","1204","O2",4,2,7.09340462586877
"55","DET_Task_ihr-0_Lieblingsteppich.wav","TARGET","1","1427","O2",4,2,7.26332961747684
"56","DET_Task_sein-0_Lieblingszirkel.wav","TARGET","1","2328","O2",4,2,7.75276480885133
"57","DET_Task_ihr-e_Lieblingsraupe.wav","TARGET","1","1155","O2",4,2,7.05185562295589
"58","DET_Task_ihr-e_Lieblingsweste.wav","TARGET","1","1744","O2",4,2,7.46393660446893
"59","DET_Task_ihr-0_Lieblingskalender.wav","TARGET","1","778","O2",4,2,6.65672652417839
"60","DET_Task_sein-e_Lieblingskette.wav","TARGET","1","885","O2",4,2,6.78558764500793
"61","DET_Task_ihr-0_Lieblingspinguin.wav","TARGET","1","2372","O2",4,2,7.77148876011762
"62","DET_Task_ihr-0_Lieblingsknoten.wav","Possessor_comp","0","1118","O2",4,2,7.01929665371504
"63","DET_Task_sein-0_Lieblingswuerfel.wav","TARGET","1","1527","O2",4,2,7.33106030521863
"64","DET_Task_ihr-0_Lieblingspinsel.wav","Possessee_comp","0","1635","O2",4,2,7.39939808333135
"65","DET_Task_ihr-0_Lieblingsdelfin.wav","TARGET","1","1652","O2",4,2,7.40974195408092
"66","DET_Task_sein-0_Lieblingsguertel.wav","TARGET","1","1253","O2",4,2,7.13329595489607
"67","DET_Task_ihr-e_Lieblingsschnecke.wav","TARGET","1","1218","O2",4,2,7.10496544826984
"68","DET_Task_ihr-0_Lieblingsdrache.wav","TARGET","1","1339","O2",4,2,7.19967834569117
"69","DET_Task_ihr-0_Lieblingstoaster.wav","TARGET","1","2306","O2",4,2,7.743269700829
"70","DET_Task_sein-e_Lieblingsavocado.wav","TARGET","1","1876","O2",4,2,7.53689712956617
"71","DET_Task_sein-e_Lieblingskatze.wav","TARGET","1","1721","O2",4,2,7.45066079621154
"72","DET_Task_ihr-e_Lieblingskette.wav","TARGET","1","1408","O2",4,2,7.24992553671799
"73","DET_Task_ihr-0_Lieblingsroboter.wav","TARGET","1","2014","O2",4,2,7.60787807327851
"74","DET_Task_ihr-e_Lieblingssaeule.wav","TARGET","1","1151","O2",4,2,7.04838640872188
"75","DET_Task_sein-0_Lieblingsteller.wav","TARGET","1","962","O2",4,2,6.86901445066571
"76","DET_Task_sein-0_Lieblingskegel.wav","TARGET","1","2170","O2",4,2,7.68248244653451
"77","DET_Task_ihr-e_Lieblingsmuenze.wav","TARGET","1","1088","O2",4,2,6.99209642741589
"78","DET_Task_sein-e_Lieblingsschuerze.wav","Possessee_comp","0","1148","O2",4,2,7.04577657687951
"79","DET_Task_ihr-e_Lieblingsfeder.wav","TARGET","1","1289","O2",4,2,7.16162200293919
"80","DET_Task_sein-0_Lieblingsapfel.wav","TARGET","1","968","O2",4,2,6.87523208727658
"81","DET_Task_ihr-0_Lieblingstisch.wav","TARGET","1","1200","O2",4,2,7.09007683577609
"82","DET_Task_sein-e_Lieblingstasse.wav","TARGET","1","914","O2",4,2,6.81783057145415
"83","DET_Task_ihr-0_Lieblingsguertel.wav","TARGET","1","821","O2",4,2,6.71052310945243
"84","DET_Task_ihr-e_Lieblingskatze.wav","TARGET","1","934","O2",4,2,6.83947643822884
"85","DET_Task_sein-0_Lieblingshut.wav","TARGET","1","1041","O2",4,2,6.94793706861497
"86","DET_Task_sein-e_Lieblingszwiebel.wav","TARGET","1","873","O2",4,2,6.7719355558396
"87","DET_Task_sein-e_Lieblingsantenne.wav","TARGET","1","3310","O2",4,2,8.10470346837111
"88","DET_Task_ihr-e_Lieblingspizza.wav","TARGET","1","1208","O2",4,2,7.09672137849476
"89","DET_Task_ihr-e_Lieblingstreppe.wav","TARGET","1","1379","O2",4,2,7.2291138777933
"90","DET_Task_sein-e_Lieblingsgeige.wav","TARGET","1","250","O2",4,2,5.52146091786225
"91","DET_Task_sein-0_Lieblingspullover.wav","TARGET","1","686","O2",4,2,6.53087762772588
"92","DET_Task_sein-0_Lieblingssessel.wav","TARGET","1","769","O2",4,2,6.64509096950564
"93","DET_Task_ihr-e_Lieblingsmaus.wav","TARGET","1","1520","O2",4,2,7.32646561384032
"94","DET_Task_ihr-e_Lieblingsschere.wav","TARGET","1","902","O2",4,2,6.80461452006262
"96","DET_Task_sein-e_Lieblingspfeife.wav","TARGET","1","473","O2",4,2,6.15909538849193
"97","DET_Task_sein-0_Lieblingsspargel.wav","TARGET","1","1345","O2",4,2,7.20414929203594
"98","DET_Task_ihr-0_Lieblingshonig.wav","TARGET","1","1232","O2",4,2,7.11639414409346
"99","DET_Task_sein-e_Lieblingskuh.wav","Possessor_comp","0","213","O2",4,2,5.36129216570943
"100","DET_Task_sein-e_Lieblingstrommel.wav","TARGET","1","1902","O2",4,2,7.55066124310534
"101","DET_Task_sein-0_Lieblingsspiegel.wav","TARGET","1","1458","O2",4,2,7.2848209125686
"102","DET_Task_ihr-e_Lieblingsameise.wav","TARGET","1","1433","O2",4,2,7.26752542782817
"103","DET_Task_ihr-e_Lieblingskruecke.wav","TARGET","1","1194","O2",4,2,7.08506429395255
"104","DET_Task_sein-0_Lieblingsring.wav","TARGET","1","1207","O2",4,2,7.09589322109753
"1","DET_Task_sein-e_Lieblingsmilch.wav","TARGET","1","2789","O4",1,2,7.93343838762749
"2","DET_Task_sein-e_Lieblingsgeige.wav","TARGET","1","2537","O4",1,2,7.83873755959928
"3","DET_Task_ihr-e_Lieblingsweste.wav","TARGET","1","3266","O4",1,2,8.09132127353041
"4","DET_Task_sein-0_Lieblingspullover.wav","TARGET","1","2955","O4",1,2,7.9912539298402
"5","DET_Task_ihr-0_Lieblingsloeffel.wav","TARGET","1","2059","O4",1,2,7.62997570702779
"6","DET_Task_ihr-0_Lieblingsapfel.wav","TARGET","1","1899","O4",1,2,7.54908271081229
"7","DET_Task_sein-0_Lieblingsbesen.wav","TARGET","1","2463","O4",1,2,7.80913539812054
"8","DET_Task_ihr-0_Lieblingsguertel.wav","TARGET","1","1884","O4",1,2,7.54115245513631
"9","DET_Task_ihr-0_Lieblingskaese.wav","TARGET","1","2117","O4",1,2,7.65775527113487
"10","DET_Task_sein-e_Lieblingsglocke.wav","TARGET","1","2750","O4",1,2,7.91935619066062
"11","DET_Task_sein-0_Lieblingsdrachen.wav","TARGET","1","1763","O4",1,2,7.47477218239787
"12","DET_Task_ihr-e_Lieblingsfeder.wav","TARGET","1","2123","O4",1,2,7.66058546170326
"13","DET_Task_ihr-e_Lieblingspizza.wav","TARGET","1","2312","O4",1,2,7.74586822979227
"14","DET_Task_ihr-0_Lieblingsfaecher.wav","TARGET","1","1580","O4",1,2,7.36518012602101
"15","DET_Task_sein-e_Lieblingswurst.wav","TARGET","1","2387","O4",1,2,7.77779262633883
"16","DET_Task_sein-0_Lieblingstisch.wav","Possessor_comp","0","2927","O4",1,2,7.98173328669189
"17","DET_Task_ihr-e_Lieblingsangel.wav","TARGET","1","1627","O4",1,2,7.39449310721904
"18","DET_Task_ihr-e_Lieblingssaege.wav","TARGET","1","2069","O4",1,2,7.63482067774554
"19","DET_Task_sein-e_Lieblingsharfe.wav","TARGET","1","2689","O4",1,2,7.89692465626886
"20","DET_Task_ihr-0_Lieblingsteller.wav","TARGET","1","2334","O4",1,2,7.7553388128465
"21","DET_Task_ihr-e_Lieblingskuh.wav","TARGET","1","4086","O4",1,2,8.31532177537757
"22","DET_Task_ihr-0_Lieblingsroboter.wav","TARGET","1","3021","O4",1,2,8.01334318138667
"23","DET_Task_sein-e_Lieblingskirsche.wav","TARGET","1","2670","O4",1,2,7.8898337513943
"24","DET_Task_sein-e_Lieblingskette.wav","TARGET","1","2542","O4",1,2,7.8407064517494
"25","DET_Task_ihr-e_Lieblingsschere.wav","TARGET","1","1773","O4",1,2,7.48042830607421
"26","DET_Task_sein-e_Lieblingsavocado.wav","TARGET","1","2012","O4",1,2,7.60688453121963
"27","DET_Task_ihr-e_Lieblingszwiebel.wav","TARGET","1","1745","O4",1,2,7.46450983463653
"28","DET_Task_sein-e_Lieblingsfeder.wav","TARGET","1","2731","O4",1,2,7.91242312147371
"29","DET_Task_sein-0_Lieblingsschlitten.wav","TARGET","1","1492","O4",1,2,7.30787278076371
"30","DET_Task_ihr-e_Lieblingsbrille.wav","TARGET","1","1564","O4",1,2,7.35500192110526
"31","DET_Task_sein-0_Lieblingskegel.wav","TARGET","1","1607","O4",1,2,7.38212436573751
"32","DET_Task_ihr-e_Lieblingswurst.wav","TARGET","1","2589","O4",1,2,7.85902697975154
"33","DET_Task_sein-e_Lieblingsschuerze.wav","TARGET","1","2627","O4",1,2,7.87359778968554
"34","DET_Task_ihr-0_Lieblingstisch.wav","TARGET","1","1706","O4",1,2,7.44190672805162
"35","DET_Task_ihr-0_Lieblingsdelfin.wav","TARGET","1","2069","O4",1,2,7.63482067774554
"36","DET_Task_sein-0_Lieblingsnagel.wav","TARGET","1","1187","O4",1,2,7.07918439460967
"37","DET_Task_ihr-0_Lieblingstrichter.wav","TARGET","1","1428","O4",1,2,7.26403014289953
"38","DET_Task_ihr-e_Lieblingskerze.wav","TARGET","1","2327","O4",1,2,7.75233516330229
"39","DET_Task_ihr-0_Lieblingstoaster.wav","TARGET","1","1397","O4",1,2,7.24208235925696
"40","DET_Task_sein-e_Lieblingstrommel.wav","TARGET","1","1921","O4",1,2,7.56060116276856
"41","DET_Task_sein-0_Lieblingskoffer.wav","TARGET","1","1283","O4",1,2,7.15695636461564
"42","DET_Task_ihr-0_Lieblingskalender.wav","TARGET","1","1958","O4",1,2,7.57967882309046
"43","DET_Task_sein-0_Lieblingskaese.wav","TARGET","1","1260","O4",1,2,7.13886699994552
"44","DET_Task_ihr-0_Lieblingshut.wav","TARGET","1","1891","O4",1,2,7.54486106865846
"45","DET_Task_ihr-e_Lieblingsmaus.wav","TARGET","1","3159","O4",1,2,8.05801080080209
"46","DET_Task_ihr-e_Lieblingsavocado.wav","TARGET","1","2523","O4",1,2,7.83320394864106
"47","DET_Task_sein-0_Lieblingsring.wav","TARGET","1","1923","O4",1,2,7.56164174558878
"48","DET_Task_sein-e_Lieblingszwiebel.wav","TARGET","1","2326","O4",1,2,7.75190533307861
"49","DET_Task_sein-0_Lieblingsapfel.wav","TARGET","1","1327","O4",1,2,7.19067603433221
"50","DET_Task_ihr-0_Lieblingshonig.wav","TARGET","1","2194","O4",1,2,7.69348164083518
"51","DET_Task_ihr-e_Lieblingskatze.wav","TARGET","1","1594","O4",1,2,7.37400185935016
"52","DET_Task_sein-0_Lieblingstraktor.wav","TARGET","1","1601","O4",1,2,7.37838371299671
"53","DET_Task_sein-0_Lieblingskuerbis.wav","TARGET","1","1350","O4",1,2,7.20785987143248
"54","DET_Task_ihr-0_Lieblingsknoten.wav","TARGET","1","1483","O4",1,2,7.30182234213793
"55","DET_Task_sein-e_Lieblingstreppe.wav","TARGET","1","1667","O4",1,2,7.41878088275079
"56","DET_Task_sein-0_Lieblingsguertel.wav","TARGET","1","1965","O4",1,2,7.58324752430336
"57","DET_Task_ihr-e_Lieblingssaeule.wav","TARGET","1","2635","O4",1,2,7.87663846097546
"58","DET_Task_sein-0_Lieblingswuerfel.wav","TARGET","1","2421","O4",1,2,7.79193595693806
"59","DET_Task_sein-0_Lieblingsspiegel.wav","TARGET","1","1784","O4",1,2,7.48661331313996
"60","DET_Task_ihr-e_Lieblingsgeige.wav","TARGET","1","2411","O4",1,2,7.78779687818117
"61","DET_Task_sein-0_Lieblingsroboter.wav","TARGET","1","1525","O4",1,2,7.32974968904151
"62","DET_Task_sein-e_Lieblingslampe.wav","TARGET","1","1862","O4",1,2,7.52940645783701
"63","DET_Task_sein-e_Lieblingstasse.wav","TARGET","1","1677","O4",1,2,7.42476176182321
"64","DET_Task_ihr-0_Lieblingsteppich.wav","TARGET","1","1461","O4",1,2,7.2868764117507
"65","DET_Task_sein-0_Lieblingsspargel.wav","TARGET","1","1725","O4",1,2,7.45298232946546
"66","DET_Task_sein-0_Lieblingszirkel.wav","TARGET","1","2641","O4",1,2,7.87891291229713
"67","DET_Task_ihr-e_Lieblingsameise.wav","TARGET","1","1878","O4",1,2,7.53796265976821
"68","DET_Task_ihr-e_Lieblingsraupe.wav","TARGET","1","2611","O4",1,2,7.86748856869913
"69","DET_Task_sein-e_Lieblingsschnecke.wav","TARGET","1","2288","O4",1,2,7.73543335249969
"70","DET_Task_sein-0_Lieblingshut.wav","TARGET","1","1069","O4",1,2,6.97447891102505
"71","DET_Task_sein-e_Lieblingspfeife.wav","TARGET","1","1656","O4",1,2,7.4121603349452
"72","DET_Task_ihr-0_Lieblingskoffer.wav","TARGET","1","2008","O4",1,2,7.60489448081162
"73","DET_Task_sein-0_Lieblingsschuh.wav","TARGET","1","1344","O4",1,2,7.20340552108309
"74","DET_Task_ihr-e_Lieblingstreppe.wav","TARGET","1","1466","O4",1,2,7.2902928824466
"75","DET_Task_ihr-e_Lieblingsmuenze.wav","TARGET","1","1610","O4",1,2,7.38398945797851
"76","DET_Task_ihr-0_Lieblingsfuchs.wav","TARGET","1","1483","O4",1,2,7.30182234213793
"77","DET_Task_sein-0_Lieblingsfaecher.wav","TARGET","1","1419","O4",1,2,7.25770767716004
"78","DET_Task_ihr-0_Lieblingsspargel.wav","TARGET","1","1196","O4",1,2,7.08673793451058
"79","DET_Task_sein-0_Lieblingskalender.wav","TARGET","1","1875","O4",1,2,7.53636393840451
"80","DET_Task_sein-e_Lieblingsdusche.wav","TARGET","1","1775","O4",1,2,7.48155570190952
"81","DET_Task_ihr-e_Lieblingsqualle.wav","TARGET","1","1630","O4",1,2,7.39633529380081
"82","DET_Task_ihr-e_Lieblingskette.wav","TARGET","1","2096","O4",1,2,7.64778604544093
"83","DET_Task_sein-0_Lieblingsdiamant.wav","TARGET","1","2567","O4",1,2,7.85049318087114
"84","DET_Task_sein-0_Lieblingsteller.wav","TARGET","1","1161","O4",1,2,7.05703698169789
"85","DET_Task_sein-e_Lieblingszeitung.wav","TARGET","1","3945","O4",1,2,8.28020423327997
"86","DET_Task_ihr-0_Lieblingsdrache.wav","TARGET","1","1378","O4",1,2,7.2283884515736
"87","DET_Task_sein-e_Lieblingstrompete.wav","TARGET","1","1703","O4",1,2,7.44014668066269
"88","DET_Task_ihr-0_Lieblingshammer.wav","TARGET","1","1265","O4",1,2,7.14282740116162
"89","DET_Task_ihr-0_Lieblingsmantel.wav","TARGET","1","1297","O4",1,2,7.16780918431644
"90","DET_Task_ihr-e_Lieblingskruecke.wav","TARGET","1","1953","O4",1,2,7.57712193087668
"91","DET_Task_sein-0_Lieblingssessel.wav","TARGET","1","1685","O4",1,2,7.42952084278646
"92","DET_Task_ihr-0_Lieblingskuerbis.wav","TARGET","1","2784","O4",1,2,7.93164402145431
"93","DET_Task_ihr-0_Lieblingspinsel.wav","TARGET","1","1290","O4",1,2,7.16239749735572
"94","DET_Task_ihr-e_Lieblingskirsche.wav","TARGET","1","1601","O4",1,2,7.37838371299671
"95","DET_Task_sein-e_Lieblingskatze.wav","TARGET","1","1602","O4",1,2,7.3790081276283
"96","DET_Task_sein-e_Lieblingskuh.wav","TARGET","1","2078","O4",1,2,7.63916117165917
"97","DET_Task_ihr-e_Lieblingsschaufel.wav","TARGET","1","2396","O4",1,2,7.78155595923534
"98","DET_Task_sein-e_Lieblingskerze.wav","TARGET","1","2645","O4",1,2,7.8804263442924
"99","DET_Task_ihr-0_Lieblingspinguin.wav","TARGET","1","1587","O4",1,2,7.36960072052641
"100","DET_Task_sein-e_Lieblingsantenne.wav","TARGET","1","1837","O4",1,2,7.51588908521513
"101","DET_Task_sein-e_Lieblingsangel.wav","TARGET","1","1188","O4",1,2,7.08002649992259
"102","DET_Task_ihr-0_Lieblingsschuh.wav","TARGET","1","1241","O4",1,2,7.12367278520461
"103","DET_Task_ihr-e_Lieblingsschnecke.wav","TARGET","1","2845","O4",1,2,7.95331834656043
"104","DET_Task_sein-e_Lieblingsgabel.wav","TARGET","1","1724","O4",1,2,7.45240245122364
"1","DET_Task_ihr-e_Lieblingsangel.wav","TARGET","1","1049","O5",4,2,6.9555926083963
"2","DET_Task_sein-e_Lieblingslampe.wav","TARGET","1","1373","O5",4,2,7.22475340576797
"3","DET_Task_ihr-0_Lieblingsfaecher.wav","TARGET","1","889","O5",4,2,6.7900972355139
"4","DET_Task_ihr-e_Lieblingszwiebel.wav","TARGET","1","1369","O5",4,2,7.22183582528845
"5","DET_Task_ihr-e_Lieblingskirsche.wav","TARGET","1","989","O5",4,2,6.89669433162271
"6","DET_Task_sein-0_Lieblingskaese.wav","TARGET","1","727","O5",4,2,6.58892647753352
"7","DET_Task_sein-0_Lieblingsbesen.wav","TARGET","1","716","O5",4,2,6.57368016696065
"8","DET_Task_sein-e_Lieblingsdusche.wav","TARGET","1","976","O5",4,2,6.88346258641309
"9","DET_Task_ihr-0_Lieblingsteller.wav","TARGET","1","672","O5",4,2,6.51025834052315
"10","DET_Task_ihr-0_Lieblingsapfel.wav","TARGET","1","852","O5",4,2,6.74758652682932
"11","DET_Task_ihr-e_Lieblingsavocado.wav","TARGET","1","1261","O5",4,2,7.13966033596492
"12","DET_Task_sein-e_Lieblingsgabel.wav","TARGET","1","698","O5",4,2,6.54821910276237
"13","DET_Task_sein-e_Lieblingswurst.wav","TARGET","1","1649","O5",4,2,7.4079243225596
"14","DET_Task_sein-0_Lieblingsdrachen.wav","TARGET","1","1990","O5",4,2,7.59588991771854
"15","DET_Task_ihr-0_Lieblingshut.wav","TARGET","1","1032","O5",4,2,6.93925394604151
"16","DET_Task_sein-e_Lieblingsmilch.wav","TARGET","1","835","O5",4,2,6.72743172485086
"17","DET_Task_ihr-0_Lieblingsloeffel.wav","TARGET","1","957","O5",4,2,6.86380339145295
"18","DET_Task_ihr-0_Lieblingsschuh.wav","TARGET","1","761","O5",4,2,6.63463335786169
"19","DET_Task_sein-e_Lieblingsfeder.wav","TARGET","1","954","O5",4,2,6.86066367144829
"20","DET_Task_ihr-0_Lieblingstrichter.wav","TARGET","1","984","O5",4,2,6.89162589705225
"21","DET_Task_ihr-0_Lieblingshammer.wav","TARGET","1","832","O5",4,2,6.72383244082121
"22","DET_Task_sein-e_Lieblingskerze.wav","TARGET","1","689","O5",4,2,6.53524127101366
"23","DET_Task_sein-0_Lieblingsschlitten.wav","Possessee_comp","0","706","O5",4,2,6.55961523749324
"24","DET_Task_sein-e_Lieblingskirsche.wav","TARGET","1","1300","O5",4,2,7.17011954344963
"25","DET_Task_ihr-0_Lieblingsmantel.wav","TARGET","1","1007","O5",4,2,6.91473089271856
"26","DET_Task_sein-0_Lieblingskalender.wav","TARGET","1","729","O5",4,2,6.59167373200866
"27","DET_Task_sein-e_Lieblingsharfe.wav","TARGET","1","1283","O5",4,2,7.15695636461564
"28","DET_Task_ihr-e_Lieblingsgeige.wav","TARGET","1","1172","O5",4,2,7.06646697013696
"29","DET_Task_sein-0_Lieblingskoffer.wav","TARGET","1","847","O5",4,2,6.74170069465205
"30","DET_Task_sein-0_Lieblingstraktor.wav","TARGET","1","613","O5",4,2,6.41836493593621
"31","DET_Task_sein-e_Lieblingstreppe.wav","TARGET","1","1057","O5",4,2,6.96318998587024
"32","DET_Task_ihr-0_Lieblingsspargel.wav","TARGET","1","872","O5",4,2,6.77078942390898
"33","DET_Task_sein-0_Lieblingsdiamant.wav","TARGET","1","787","O5",4,2,6.6682282484174
"34","DET_Task_sein-0_Lieblingsroboter.wav","TARGET","1","663","O5",4,2,6.49677499018586
"35","DET_Task_ihr-e_Lieblingssaege.wav","TARGET","1","1253","O5",4,2,7.13329595489607
"36","DET_Task_ihr-0_Lieblingskuerbis.wav","TARGET","1","903","O5",4,2,6.80572255341699
"37","DET_Task_sein-e_Lieblingsschnecke.wav","Possessee_comp","0","1144","O5",4,2,7.04228617193974
"38","DET_Task_ihr-e_Lieblingskerze.wav","TARGET","1","1182","O5",4,2,7.07496319796604
"39","DET_Task_sein-0_Lieblingstisch.wav","TARGET","1","980","O5",4,2,6.88755257166462
"40","DET_Task_ihr-e_Lieblingsqualle.wav","TARGET","1","1072","O5",4,2,6.97728134163075
"41","DET_Task_sein-0_Lieblingsfaecher.wav","TARGET","1","1457","O5",4,2,7.2841348061952
"42","DET_Task_sein-e_Lieblingszeitung.wav","TARGET","1","1032","O5",4,2,6.93925394604151
"43","DET_Task_sein-e_Lieblingsangel.wav","TARGET","1","851","O5",4,2,6.74641212857337
"44","DET_Task_ihr-e_Lieblingsbrille.wav","TARGET","1","1002","O5",4,2,6.90975328164481
"45","DET_Task_ihr-0_Lieblingskaese.wav","TARGET","1","1101","O5",4,2,7.00397413672268
"46","DET_Task_ihr-e_Lieblingswurst.wav","TARGET","1","989","O5",4,2,6.89669433162271
"47","DET_Task_sein-e_Lieblingstrompete.wav","TARGET","1","849","O5",4,2,6.74405918631135
"48","DET_Task_ihr-e_Lieblingskuh.wav","TARGET","1","1518","O5",4,2,7.32514895795557
"49","DET_Task_ihr-e_Lieblingsschaufel.wav","TARGET","1","1063","O5",4,2,6.96885037834195
"50","DET_Task_sein-e_Lieblingsglocke.wav","TARGET","1","1579","O5",4,2,7.36454701425564
"51","DET_Task_sein-0_Lieblingskuerbis.wav","TARGET","1","867","O5",4,2,6.76503897678054
"52","DET_Task_ihr-0_Lieblingskoffer.wav","TARGET","1","1106","O5",4,2,7.00850518208228
"53","DET_Task_ihr-0_Lieblingsfuchs.wav","TARGET","1","1052","O5",4,2,6.95844839329766
"54","DET_Task_sein-0_Lieblingsnagel.wav","TARGET","1","597","O5",4,2,6.3919171133926
"55","DET_Task_ihr-0_Lieblingsteppich.wav","TARGET","1","689","O5",4,2,6.53524127101366
"56","DET_Task_sein-0_Lieblingszirkel.wav","TARGET","1","657","O5",4,2,6.48768401848461
"57","DET_Task_ihr-e_Lieblingsraupe.wav","Possessee_comp","0","1173","O5",4,2,7.06731984865348
"58","DET_Task_ihr-e_Lieblingsweste.wav","TARGET","1","1070","O5",4,2,6.97541392745595
"59","DET_Task_ihr-0_Lieblingskalender.wav","TARGET","1","649","O5",4,2,6.47543271670409
"60","DET_Task_sein-e_Lieblingskette.wav","TARGET","1","999","O5",4,2,6.90675477864855
"61","DET_Task_ihr-0_Lieblingspinguin.wav","TARGET","1","1020","O5",4,2,6.92755790627832
"62","DET_Task_ihr-0_Lieblingsknoten.wav","TARGET","1","885","O5",4,2,6.78558764500793
"63","DET_Task_sein-0_Lieblingswuerfel.wav","TARGET","1","627","O5",4,2,6.44094654063292
"64","DET_Task_ihr-0_Lieblingspinsel.wav","TARGET","1","1100","O5",4,2,7.00306545878646
"65","DET_Task_ihr-0_Lieblingsdelfin.wav","TARGET","1","591","O5",4,2,6.3818160174061
"66","DET_Task_sein-0_Lieblingsguertel.wav","TARGET","1","580","O5",4,2,6.36302810354046
"67","DET_Task_ihr-e_Lieblingsschnecke.wav","TARGET","1","987","O5",4,2,6.89467003943348
"68","DET_Task_ihr-0_Lieblingsdrache.wav","TARGET","1","1211","O5",4,2,7.09920174355309
"69","DET_Task_ihr-0_Lieblingstoaster.wav","TARGET","1","1603","O5",4,2,7.37963215260955
"70","DET_Task_sein-e_Lieblingsavocado.wav","Possessee_comp","0","1174","O5",4,2,7.06817200038804
"71","DET_Task_sein-e_Lieblingskatze.wav","TARGET","1","1361","O5",4,2,7.21597500265147
"72","DET_Task_ihr-e_Lieblingskette.wav","TARGET","1","1338","O5",4,2,7.19893124068817
"73","DET_Task_ihr-0_Lieblingsroboter.wav","TARGET","1","1031","O5",4,2,6.93828448401696
"74","DET_Task_ihr-e_Lieblingssaeule.wav","TARGET","1","1266","O5",4,2,7.14361760270412
"75","DET_Task_sein-0_Lieblingsteller.wav","TARGET","1","885","O5",4,2,6.78558764500793
"76","DET_Task_sein-0_Lieblingskegel.wav","TARGET","1","414","O5",4,2,6.02586597382531
"77","DET_Task_ihr-e_Lieblingsmuenze.wav","TARGET","1","1230","O5",4,2,7.11476944836646
"78","DET_Task_sein-e_Lieblingsschuerze.wav","TARGET","1","1154","O5",4,2,7.05098944706805
"79","DET_Task_ihr-e_Lieblingsfeder.wav","TARGET","1","1818","O5",4,2,7.50549227473742
"80","DET_Task_sein-0_Lieblingsapfel.wav","TARGET","1","1304","O5",4,2,7.1731917424866
"81","DET_Task_ihr-0_Lieblingstisch.wav","TARGET","1","1630","O5",4,2,7.39633529380081
"82","DET_Task_sein-e_Lieblingstasse.wav","TARGET","1","1198","O5",4,2,7.08840877867539
"83","DET_Task_ihr-0_Lieblingsguertel.wav","TARGET","1","910","O5",4,2,6.8134445995109
"84","DET_Task_ihr-e_Lieblingskatze.wav","TARGET","1","1243","O5",4,2,7.12528309151071
"85","DET_Task_sein-0_Lieblingshut.wav","TARGET","1","1337","O5",4,2,7.19818357710194
"86","DET_Task_sein-e_Lieblingszwiebel.wav","TARGET","1","1344","O5",4,2,7.20340552108309
"87","DET_Task_sein-e_Lieblingsantenne.wav","TARGET","1","1819","O5",4,2,7.50604217851812
"88","DET_Task_ihr-e_Lieblingspizza.wav","TARGET","1","1091","O5",4,2,6.99484998583307
"89","DET_Task_ihr-e_Lieblingstreppe.wav","TARGET","1","1422","O5",4,2,7.25981961036319
"90","DET_Task_sein-e_Lieblingsgeige.wav","Possessee_comp","0","967","O5",4,2,6.87419849545329
"91","DET_Task_sein-0_Lieblingspullover.wav","TARGET","1","1189","O5",4,2,7.08086789669078
"92","DET_Task_sein-0_Lieblingssessel.wav","TARGET","1","727","O5",4,2,6.58892647753352
"93","DET_Task_ihr-e_Lieblingsmaus.wav","TARGET","1","1244","O5",4,2,7.12608727329912
"94","DET_Task_ihr-e_Lieblingsschere.wav","TARGET","1","929","O5",4,2,6.83410873881384
"96","DET_Task_sein-e_Lieblingspfeife.wav","TARGET","1","881","O5",4,2,6.78105762593618
"97","DET_Task_sein-0_Lieblingsspargel.wav","TARGET","1","622","O5",4,2,6.43294009273918
"98","DET_Task_ihr-0_Lieblingshonig.wav","TARGET","1","960","O5",4,2,6.86693328446188
"99","DET_Task_sein-e_Lieblingskuh.wav","TARGET","1","1394","O5",4,2,7.23993259132047
"100","DET_Task_sein-e_Lieblingstrommel.wav","TARGET","1","920","O5",4,2,6.82437367004309
"101","DET_Task_sein-0_Lieblingsspiegel.wav","TARGET","1","895","O5",4,2,6.79682371827486
"102","DET_Task_ihr-e_Lieblingsameise.wav","TARGET","1","1087","O5",4,2,6.99117688712121
"103","DET_Task_ihr-e_Lieblingskruecke.wav","TARGET","1","1907","O5",4,2,7.55328660560042
"104","DET_Task_sein-0_Lieblingsring.wav","TARGET","1","776","O5",4,2,6.65415252018322
"1","DET_Task_ihr-e_Lieblingsschaufel.wav","TARGET","1","2127","Y3",2,1,7.66246781520024
"2","DET_Task_sein-e_Lieblingspfeife.wav","TARGET","1","1337","Y3",2,1,7.19818357710194
"3","DET_Task_sein-0_Lieblingssessel.wav","TARGET","1","1292","Y3",2,1,7.16394668434255
"4","DET_Task_sein-0_Lieblingsbesen.wav","TARGET","1","871","Y3",2,1,6.7696419768525
"5","DET_Task_ihr-0_Lieblingsroboter.wav","TARGET","1","1017","Y3",2,1,6.92461239604856
"6","DET_Task_sein-0_Lieblingsapfel.wav","TARGET","1","814","Y3",2,1,6.70196036600254
"7","DET_Task_ihr-0_Lieblingsteller.wav","TARGET","1","832","Y3",2,1,6.72383244082121
"8","DET_Task_sein-e_Lieblingsschnecke.wav","TARGET","1","982","Y3",2,1,6.88959130835447
"9","DET_Task_sein-0_Lieblingstraktor.wav","TARGET","1","1089","Y3",2,1,6.99301512293296
"10","DET_Task_ihr-0_Lieblingsdrache.wav","TARGET","1","975","Y3",2,1,6.88243747099785
"11","DET_Task_sein-0_Lieblingskegel.wav","TARGET","1","1026","Y3",2,1,6.93342302573071
"12","DET_Task_sein-e_Lieblingskuh.wav","TARGET","1","1877","Y3",2,1,7.53743003658651
"13","DET_Task_sein-e_Lieblingsavocado.wav","TARGET","1","1071","Y3",2,1,6.97634807044775
"14","DET_Task_ihr-e_Lieblingspizza.wav","TARGET","1","1036","Y3",2,1,6.94312242281943
"15","DET_Task_ihr-0_Lieblingshammer.wav","TARGET","1","1304","Y3",2,1,7.1731917424866
"16","DET_Task_ihr-e_Lieblingsfeder.wav","TARGET","1","1055","Y3",2,1,6.96129604591017
"17","DET_Task_sein-0_Lieblingstisch.wav","TARGET","1","663","Y3",2,1,6.49677499018586
"18","DET_Task_ihr-e_Lieblingsgeige.wav","TARGET","1","1210","Y3",2,1,7.09837563859079
"19","DET_Task_ihr-0_Lieblingsmantel.wav","TARGET","1","1000","Y3",2,1,6.90775527898214
"20","DET_Task_sein-0_Lieblingspullover.wav","TARGET","1","608","Y3",2,1,6.41017488196617
"21","DET_Task_ihr-e_Lieblingskatze.wav","TARGET","1","923","Y3",2,1,6.82762923450285
"22","DET_Task_sein-0_Lieblingskoffer.wav","TARGET","1","383","Y3",2,1,5.94803498918065
"23","DET_Task_sein-0_Lieblingskaese.wav","TARGET","1","557","Y3",2,1,6.32256523992728
"24","DET_Task_ihr-e_Lieblingskruecke.wav","TARGET","1","1117","Y3",2,1,7.0184017990692
"25","DET_Task_ihr-0_Lieblingsapfel.wav","TARGET","1","702","Y3",2,1,6.55393340402581
"26","DET_Task_sein-0_Lieblingsschuh.wav","TARGET","1","661","Y3",2,1,6.49375383985169
"27","DET_Task_ihr-e_Lieblingszwiebel.wav","TARGET","1","949","Y3",2,1,6.85540879860993
"28","DET_Task_sein-e_Lieblingsdusche.wav","TARGET","1","1027","Y3",2,1,6.93439720992856
"29","DET_Task_ihr-0_Lieblingsguertel.wav","TARGET","1","703","Y3",2,1,6.55535689181067
"30","DET_Task_ihr-0_Lieblingsdelfin.wav","TARGET","1","1262","Y3",2,1,7.14045304310116
"31","DET_Task_sein-e_Lieblingslampe.wav","TARGET","1","988","Y3",2,1,6.89568269774787
"32","DET_Task_ihr-e_Lieblingskirsche.wav","TARGET","1","735","Y3",2,1,6.59987049921284
"33","DET_Task_ihr-e_Lieblingskerze.wav","TARGET","1","1044","Y3",2,1,6.95081476844258
"34","DET_Task_sein-0_Lieblingsring.wav","TARGET","1","720","Y3",2,1,6.5792512120101
"35","DET_Task_sein-0_Lieblingsschlitten.wav","TARGET","1","418","Y3",2,1,6.03548143252476
"36","DET_Task_sein-e_Lieblingsgeige.wav","TARGET","1","894","Y3",2,1,6.79570577517351
"37","DET_Task_ihr-e_Lieblingswurst.wav","TARGET","1","797","Y3",2,1,6.68085467879022
"38","DET_Task_sein-e_Lieblingsgabel.wav","TARGET","1","374","Y3",2,1,5.92425579741453
"39","DET_Task_ihr-e_Lieblingstreppe.wav","TARGET","1","665","Y3",2,1,6.49978704065585
"40","DET_Task_sein-e_Lieblingszeitung.wav","TARGET","1","418","Y3",2,1,6.03548143252476
"41","DET_Task_sein-e_Lieblingstasse.wav","TARGET","1","598","Y3",2,1,6.39359075395063
"42","DET_Task_ihr-0_Lieblingspinguin.wav","TARGET","1","1021","Y3",2,1,6.92853781816467
"43","DET_Task_sein-e_Lieblingszwiebel.wav","TARGET","1","859","Y3",2,1,6.75576892198425
"44","DET_Task_ihr-0_Lieblingsfaecher.wav","TARGET","1","846","Y3",2,1,6.74051935960622
"45","DET_Task_ihr-e_Lieblingsavocado.wav","Possessee_comp","0","749","Y3",2,1,6.61873898351722
"46","DET_Task_ihr-e_Lieblingsschere.wav","TARGET","1","836","Y3",2,1,6.7286286130847
"47","DET_Task_sein-0_Lieblingsspargel.wav","TARGET","1","520","Y3",2,1,6.25382881157547
"48","DET_Task_sein-e_Lieblingskirsche.wav","TARGET","1","872","Y3",2,1,6.77078942390898
"49","DET_Task_ihr-0_Lieblingspinsel.wav","TARGET","1","1254","Y3",2,1,7.13409372119287
"50","DET_Task_sein-e_Lieblingskerze.wav","TARGET","1","598","Y3",2,1,6.39359075395063
"51","DET_Task_ihr-e_Lieblingsweste.wav","TARGET","1","607","Y3",2,1,6.4085287910595
"52","DET_Task_sein-0_Lieblingsguertel.wav","TARGET","1","772","Y3",2,1,6.64898455002478
"53","DET_Task_sein-0_Lieblingsdrachen.wav","TARGET","1","1071","Y3",2,1,6.97634807044775
"54","DET_Task_ihr-0_Lieblingsschuh.wav","TARGET","1","389","Y3",2,1,5.96357934361845
"55","DET_Task_sein-0_Lieblingsspiegel.wav","TARGET","1","1083","Y3",2,1,6.98749024700099
"56","DET_Task_sein-e_Lieblingsantenne.wav","TARGET","1","953","Y3",2,1,6.8596149036542
"57","DET_Task_ihr-0_Lieblingstisch.wav","TARGET","1","607","Y3",2,1,6.4085287910595
"58","DET_Task_sein-0_Lieblingszirkel.wav","TARGET","1","267","Y3",2,1,5.58724865840025
"59","DET_Task_sein-e_Lieblingsschuerze.wav","TARGET","1","875","Y3",2,1,6.77422388635761
"60","DET_Task_ihr-0_Lieblingshut.wav","TARGET","1","767","Y3",2,1,6.64248680136726
"61","DET_Task_ihr-0_Lieblingskaese.wav","TARGET","1","547","Y3",2,1,6.30444880242198
"62","DET_Task_ihr-e_Lieblingsraupe.wav","TARGET","1","721","Y3",2,1,6.58063913728495
"63","DET_Task_sein-e_Lieblingskatze.wav","TARGET","1","751","Y3",2,1,6.62140565176413
"64","DET_Task_sein-0_Lieblingsfaecher.wav","TARGET","1","537","Y3",2,1,6.28599809450886
"65","DET_Task_ihr-0_Lieblingsloeffel.wav","TARGET","1","763","Y3",2,1,6.63725803128446
"66","DET_Task_sein-e_Lieblingsglocke.wav","TARGET","1","484","Y3",2,1,6.18208490671663
"67","DET_Task_sein-0_Lieblingsroboter.wav","TARGET","1","576","Y3",2,1,6.35610766069589
"68","DET_Task_ihr-e_Lieblingsameise.wav","TARGET","1","846","Y3",2,1,6.74051935960622
"69","DET_Task_sein-e_Lieblingskette.wav","TARGET","1","744","Y3",2,1,6.61204103483309
"70","DET_Task_ihr-e_Lieblingskuh.wav","TARGET","1","767","Y3",2,1,6.64248680136726
"71","DET_Task_sein-e_Lieblingswurst.wav","TARGET","1","682","Y3",2,1,6.52502965784346
"72","DET_Task_ihr-0_Lieblingshonig.wav","TARGET","1","1063","Y3",2,1,6.96885037834195
"73","DET_Task_sein-0_Lieblingsnagel.wav","TARGET","1","440","Y3",2,1,6.08677472691231
"74","DET_Task_sein-e_Lieblingsangel.wav","TARGET","1","813","Y3",2,1,6.70073110954781
"75","DET_Task_ihr-e_Lieblingsqualle.wav","TARGET","1","761","Y3",2,1,6.63463335786169
"76","DET_Task_ihr-0_Lieblingstoaster.wav","TARGET","1","749","Y3",2,1,6.61873898351722
"77","DET_Task_ihr-0_Lieblingsteppich.wav","TARGET","1","1356","Y3",2,1,7.21229446850034
"78","DET_Task_sein-e_Lieblingstreppe.wav","TARGET","1","734","Y3",2,1,6.59850902861452
"79","DET_Task_ihr-0_Lieblingskoffer.wav","TARGET","1","491","Y3",2,1,6.19644412779452
"80","DET_Task_ihr-0_Lieblingskuerbis.wav","Possessee_comp","0","787","Y3",2,1,6.6682282484174
"81","DET_Task_sein-e_Lieblingstrommel.wav","TARGET","1","1184","Y3",2,1,7.07665381544395
"82","DET_Task_ihr-0_Lieblingsfuchs.wav","TARGET","1","583","Y3",2,1,6.36818718635049
"83","DET_Task_sein-e_Lieblingsharfe.wav","TARGET","1","762","Y3",2,1,6.63594655568665
"84","DET_Task_sein-0_Lieblingsdiamant.wav","TARGET","1","692","Y3",2,1,6.53958595561767
"85","DET_Task_sein-0_Lieblingskalender.wav","TARGET","1","615","Y3",2,1,6.42162226780652
"86","DET_Task_ihr-0_Lieblingsknoten.wav","TARGET","1","1188","Y3",2,1,7.08002649992259
"87","DET_Task_ihr-0_Lieblingstrichter.wav","TARGET","1","886","Y3",2,1,6.78671695060508
"88","DET_Task_sein-0_Lieblingswuerfel.wav","TARGET","1","542","Y3",2,1,6.29526600143965
"89","DET_Task_ihr-e_Lieblingsbrille.wav","TARGET","1","857","Y3",2,1,6.75343791859778
"90","DET_Task_sein-0_Lieblingshut.wav","TARGET","1","487","Y3",2,1,6.18826412308259
"91","DET_Task_sein-e_Lieblingsmilch.wav","TARGET","1","704","Y3",2,1,6.55677835615804
"92","DET_Task_ihr-e_Lieblingsschnecke.wav","TARGET","1","785","Y3",2,1,6.66568371778241
"93","DET_Task_ihr-e_Lieblingssaeule.wav","TARGET","1","738","Y3",2,1,6.60394382460047
"94","DET_Task_sein-0_Lieblingskuerbis.wav","TARGET","1","690","Y3",2,1,6.5366915975913
"95","DET_Task_ihr-0_Lieblingsspargel.wav","TARGET","1","365","Y3",2,1,5.89989735358249
"96","DET_Task_sein-e_Lieblingsfeder.wav","TARGET","1","652","Y3",2,1,6.48004456192665
"97","DET_Task_ihr-e_Lieblingsmuenze.wav","TARGET","1","1042","Y3",2,1,6.94889722231331
"98","DET_Task_sein-0_Lieblingsteller.wav","TARGET","1","676","Y3",2,1,6.51619307604296
"99","DET_Task_ihr-e_Lieblingskette.wav","TARGET","1","646","Y3",2,1,6.4707995037826
"100","DET_Task_ihr-e_Lieblingsmaus.wav","TARGET","1","679","Y3",2,1,6.5206211275587
"101","DET_Task_sein-e_Lieblingstrompete.wav","TARGET","1","407","Y3",2,1,6.00881318544259
"102","DET_Task_ihr-0_Lieblingskalender.wav","TARGET","1","533","Y3",2,1,6.27852142416584
"103","DET_Task_ihr-e_Lieblingssaege.wav","TARGET","1","606","Y3",2,1,6.40687998606931
"104","DET_Task_ihr-e_Lieblingsangel.wav","TARGET","1","742","Y3",2,1,6.60934924316738
"1","DET_Task_sein-e_Lieblingsmilch.wav","TARGET","1","2809","O6",1,2,7.94058382710424
"2","DET_Task_sein-e_Lieblingsgeige.wav","TARGET","1","5515","O6",1,2,8.6152269316876
"3","DET_Task_ihr-e_Lieblingsweste.wav","TARGET","1","1837","O6",1,2,7.51588908521513
"4","DET_Task_sein-0_Lieblingspullover.wav","TARGET","1","2021","O6",1,2,7.61134771740362
"5","DET_Task_ihr-0_Lieblingsloeffel.wav","TARGET","1","1908","O6",1,2,7.55381085200823
"6","DET_Task_ihr-0_Lieblingsapfel.wav","TARGET","1","1991","O6",1,2,7.5963923040642
"7","DET_Task_sein-0_Lieblingsbesen.wav","TARGET","1","1856","O6",1,2,7.52617891334615
"8","DET_Task_ihr-0_Lieblingsguertel.wav","TARGET","1","1935","O6",1,2,7.56786260546388
"9","DET_Task_ihr-0_Lieblingskaese.wav","TARGET","1","2566","O6",1,2,7.85010354517558
"10","DET_Task_sein-e_Lieblingsglocke.wav","TARGET","1","2083","O6",1,2,7.64156444126097
"11","DET_Task_sein-0_Lieblingsdrachen.wav","TARGET","1","1492","O6",1,2,7.30787278076371
"12","DET_Task_ihr-e_Lieblingsfeder.wav","TARGET","1","1872","O6",1,2,7.53476265703754
"13","DET_Task_ihr-e_Lieblingspizza.wav","TARGET","1","2117","O6",1,2,7.65775527113487
"14","DET_Task_ihr-0_Lieblingsfaecher.wav","TARGET","1","2003","O6",1,2,7.60240133566582
"15","DET_Task_sein-e_Lieblingswurst.wav","TARGET","1","2593","O6",1,2,7.86057078553866
"16","DET_Task_sein-0_Lieblingstisch.wav","TARGET","1","2263","O6",1,2,7.72444664563354
"17","DET_Task_ihr-e_Lieblingsangel.wav","TARGET","1","1886","O6",1,2,7.5422134631934
"18","DET_Task_ihr-e_Lieblingssaege.wav","TARGET","1","1998","O6",1,2,7.5999019592085
"19","DET_Task_sein-e_Lieblingsharfe.wav","TARGET","1","1926","O6",1,2,7.56320059235807
"20","DET_Task_ihr-0_Lieblingsteller.wav","TARGET","1","2317","O6",1,2,7.74802852443238
"21","DET_Task_ihr-e_Lieblingskuh.wav","TARGET","1","2269","O6",1,2,7.72709448477984
"22","DET_Task_ihr-0_Lieblingsroboter.wav","TARGET","1","2271","O6",1,2,7.72797554210556
"23","DET_Task_sein-e_Lieblingskirsche.wav","TARGET","1","1800","O6",1,2,7.49554194388426
"24","DET_Task_sein-e_Lieblingskette.wav","TARGET","1","2010","O6",1,2,7.60589000105312
"25","DET_Task_ihr-e_Lieblingsschere.wav","TARGET","1","2219","O6",1,2,7.70481192293259
"26","DET_Task_sein-e_Lieblingsavocado.wav","TARGET","1","1809","O6",1,2,7.50052948539529
"27","DET_Task_ihr-e_Lieblingszwiebel.wav","TARGET","1","2521","O6",1,2,7.83241092718792
"28","DET_Task_sein-e_Lieblingsfeder.wav","TARGET","1","1875","O6",1,2,7.53636393840451
"29","DET_Task_sein-0_Lieblingsschlitten.wav","TARGET","1","1429","O6",1,2,7.26473017792987
"30","DET_Task_ihr-e_Lieblingsbrille.wav","TARGET","1","2242","O6",1,2,7.71512360363211
"31","DET_Task_sein-0_Lieblingskegel.wav","TARGET","1","1831","O6",1,2,7.51261754467451
"32","DET_Task_ihr-e_Lieblingswurst.wav","TARGET","1","2115","O6",1,2,7.65681009148038
"33","DET_Task_sein-e_Lieblingsschuerze.wav","TARGET","1","1781","O6",1,2,7.48493028328966
"34","DET_Task_ihr-0_Lieblingstisch.wav","TARGET","1","2072","O6",1,2,7.63626960337937
"35","DET_Task_ihr-0_Lieblingsdelfin.wav","TARGET","1","2238","O6",1,2,7.71333788887187
"36","DET_Task_sein-0_Lieblingsnagel.wav","TARGET","1","1645","O6",1,2,7.40549566319947
"37","DET_Task_ihr-0_Lieblingstrichter.wav","TARGET","1","2579","O6",1,2,7.85515700588134
"38","DET_Task_ihr-e_Lieblingskerze.wav","TARGET","1","2304","O6",1,2,7.74240202181578
"39","DET_Task_ihr-0_Lieblingstoaster.wav","TARGET","1","2419","O6",1,2,7.79110951061003
"40","DET_Task_sein-e_Lieblingstrommel.wav","TARGET","1","1528","O6",1,2,7.33171496972647
"41","DET_Task_sein-0_Lieblingskoffer.wav","TARGET","1","1585","O6",1,2,7.36833968631138
"42","DET_Task_ihr-0_Lieblingskalender.wav","TARGET","1","1594","O6",1,2,7.37400185935016
"43","DET_Task_sein-0_Lieblingskaese.wav","TARGET","1","1559","O6",1,2,7.35179986905778
"44","DET_Task_ihr-0_Lieblingshut.wav","TARGET","1","2203","O6",1,2,7.69757534680234
"45","DET_Task_ihr-e_Lieblingsmaus.wav","TARGET","1","1900","O6",1,2,7.54960916515453
"46","DET_Task_ihr-e_Lieblingsavocado.wav","TARGET","1","2046","O6",1,2,7.62364194651157
"47","DET_Task_sein-0_Lieblingsring.wav","TARGET","1","1595","O6",1,2,7.37462901521894
"48","DET_Task_sein-e_Lieblingszwiebel.wav","TARGET","1","1668","O6",1,2,7.41938058291869
"49","DET_Task_sein-0_Lieblingsapfel.wav","TARGET","1","1734","O6",1,2,7.45818615734049
"50","DET_Task_ihr-0_Lieblingshonig.wav","TARGET","1","1340","O6",1,2,7.20042489294496
"51","DET_Task_ihr-e_Lieblingskatze.wav","TARGET","1","2051","O6",1,2,7.62608275807238
"52","DET_Task_sein-0_Lieblingstraktor.wav","TARGET","1","1623","O6",1,2,7.39203156751459
"53","DET_Task_sein-0_Lieblingskuerbis.wav","TARGET","1","1428","O6",1,2,7.26403014289953
"54","DET_Task_ihr-0_Lieblingsknoten.wav","TARGET","1","1581","O6",1,2,7.36581283720947
"55","DET_Task_sein-e_Lieblingstreppe.wav","TARGET","1","2517","O6",1,2,7.83082299513532
"56","DET_Task_sein-0_Lieblingsguertel.wav","TARGET","1","1722","O6",1,2,7.45124168498768
"57","DET_Task_ihr-e_Lieblingssaeule.wav","TARGET","1","1879","O6",1,2,7.53849499941346
"58","DET_Task_sein-0_Lieblingswuerfel.wav","TARGET","1","1687","O6",1,2,7.43070708254597
"59","DET_Task_sein-0_Lieblingsspiegel.wav","TARGET","1","1614","O6",1,2,7.38647084882989
"60","DET_Task_ihr-e_Lieblingsgeige.wav","TARGET","1","1958","O6",1,2,7.57967882309046
"61","DET_Task_sein-0_Lieblingsroboter.wav","TARGET","1","1404","O6",1,2,7.24708058458576
"62","DET_Task_sein-e_Lieblingslampe.wav","TARGET","1","1674","O6",1,2,7.42297125104942
"63","DET_Task_sein-e_Lieblingstasse.wav","TARGET","1","1080","O6",1,2,6.98471632011827
"64","DET_Task_ihr-0_Lieblingsteppich.wav","TARGET","1","3312","O6",1,2,8.10530751550515
"65","DET_Task_sein-0_Lieblingsspargel.wav","TARGET","1","1159","O6",1,2,7.05531284333975
"66","DET_Task_sein-0_Lieblingszirkel.wav","TARGET","1","1524","O6",1,2,7.32909373624659
"67","DET_Task_ihr-e_Lieblingsameise.wav","TARGET","1","1753","O6",1,2,7.46908388492123
"68","DET_Task_ihr-e_Lieblingsraupe.wav","TARGET","1","1939","O6",1,2,7.56992765524265
"69","DET_Task_sein-e_Lieblingsschnecke.wav","TARGET","1","1558","O6",1,2,7.35115822643069
"70","DET_Task_sein-0_Lieblingshut.wav","TARGET","1","1720","O6",1,2,7.4500795698075
"71","DET_Task_sein-e_Lieblingspfeife.wav","TARGET","1","1771","O6",1,2,7.47929963778283
"72","DET_Task_ihr-0_Lieblingskoffer.wav","TARGET","1","1362","O6",1,2,7.21670948670946
"73","DET_Task_sein-0_Lieblingsschuh.wav","TARGET","1","1044","O6",1,2,6.95081476844258
"74","DET_Task_ihr-e_Lieblingstreppe.wav","TARGET","1","1649","O6",1,2,7.4079243225596
"75","DET_Task_ihr-e_Lieblingsmuenze.wav","TARGET","1","1908","O6",1,2,7.55381085200823
"76","DET_Task_ihr-0_Lieblingsfuchs.wav","TARGET","1","1644","O6",1,2,7.40488757561612
"77","DET_Task_sein-0_Lieblingsfaecher.wav","TARGET","1","1688","O6",1,2,7.4312996751559
"78","DET_Task_ihr-0_Lieblingsspargel.wav","TARGET","1","1864","O6",1,2,7.53047999524554
"79","DET_Task_sein-0_Lieblingskalender.wav","TARGET","1","1973","O6",1,2,7.58731050602262
"80","DET_Task_sein-e_Lieblingsdusche.wav","TARGET","1","1546","O6",1,2,7.34342622914737
"81","DET_Task_ihr-e_Lieblingsqualle.wav","TARGET","1","2057","O6",1,2,7.62900388965296
"82","DET_Task_ihr-e_Lieblingskette.wav","TARGET","1","2160","O6",1,2,7.67786350067821
"83","DET_Task_sein-0_Lieblingsdiamant.wav","TARGET","1","1388","O6",1,2,7.23561914106675
"84","DET_Task_sein-0_Lieblingsteller.wav","TARGET","1","1238","O6",1,2,7.12125245324454
"85","DET_Task_sein-e_Lieblingszeitung.wav","TARGET","1","1996","O6",1,2,7.59890045687141
"86","DET_Task_ihr-0_Lieblingsdrache.wav","TARGET","1","1465","O6",1,2,7.28961052145117
"87","DET_Task_sein-e_Lieblingstrompete.wav","TARGET","1","1667","O6",1,2,7.41878088275079
"88","DET_Task_ihr-0_Lieblingshammer.wav","TARGET","1","1847","O6",1,2,7.52131798019924
"89","DET_Task_ihr-0_Lieblingsmantel.wav","TARGET","1","1815","O6",1,2,7.50384074669895
"90","DET_Task_ihr-e_Lieblingskruecke.wav","TARGET","1","2802","O6",1,2,7.93808872689695
"91","DET_Task_sein-0_Lieblingssessel.wav","TARGET","1","1364","O6",1,2,7.21817683840341
"92","DET_Task_ihr-0_Lieblingskuerbis.wav","TARGET","1","2508","O6",1,2,7.82724090175281
"93","DET_Task_ihr-0_Lieblingspinsel.wav","TARGET","1","1997","O6",1,2,7.59940133341582
"94","DET_Task_ihr-e_Lieblingskirsche.wav","TARGET","1","2305","O6",1,2,7.74283595543075
"95","DET_Task_sein-e_Lieblingskatze.wav","TARGET","1","1473","O6",1,2,7.29505641646263
"96","DET_Task_sein-e_Lieblingskuh.wav","TARGET","1","1767","O6",1,2,7.4770384723197
"97","DET_Task_ihr-e_Lieblingsschaufel.wav","TARGET","1","2728","O6",1,2,7.91132401896335
"98","DET_Task_sein-e_Lieblingskerze.wav","TARGET","1","2015","O6",1,2,7.60837447438078
"99","DET_Task_ihr-0_Lieblingspinguin.wav","TARGET","1","2416","O6",1,2,7.78986855905471
"100","DET_Task_sein-e_Lieblingsantenne.wav","TARGET","1","2469","O6",1,2,7.81156848934518
"101","DET_Task_sein-e_Lieblingsangel.wav","TARGET","1","2172","O6",1,2,7.68340368105383
"102","DET_Task_ihr-0_Lieblingsschuh.wav","TARGET","1","2515","O6",1,2,7.83002808253384
"103","DET_Task_ihr-e_Lieblingsschnecke.wav","TARGET","1","2033","O6",1,2,7.61726781362835
"104","DET_Task_sein-e_Lieblingsgabel.wav","TARGET","1","1845","O6",1,2,7.52023455647463
"1","DET_Task_ihr-e_Lieblingsschaufel.wav","TARGET","1","1919","O7",2,2,7.5595594960077
"2","DET_Task_sein-e_Lieblingspfeife.wav","TARGET","1","1817","O7",2,2,7.50494206839617
"3","DET_Task_sein-0_Lieblingssessel.wav","TARGET","1","1156","O7",2,2,7.05272104923232
"4","DET_Task_sein-0_Lieblingsbesen.wav","TARGET","1","1563","O7",2,2,7.35436233042148
"5","DET_Task_ihr-0_Lieblingsroboter.wav","TARGET","1","844","O7",2,2,6.73815249459596
"6","DET_Task_sein-0_Lieblingsapfel.wav","TARGET","1","1058","O7",2,2,6.96413561241824
"7","DET_Task_ihr-0_Lieblingsteller.wav","TARGET","1","1321","O7",2,2,7.18614430452233
"8","DET_Task_sein-e_Lieblingsschnecke.wav","TARGET","1","1250","O7",2,2,7.13089883029635
"9","DET_Task_sein-0_Lieblingstraktor.wav","TARGET","1","941","O7",2,2,6.84694313958538
"10","DET_Task_ihr-0_Lieblingsdrache.wav","TARGET","1","1263","O7",2,2,7.14124512235049
"11","DET_Task_sein-0_Lieblingskegel.wav","TARGET","1","1158","O7",2,2,7.05444965813294
"12","DET_Task_sein-e_Lieblingskuh.wav","Possessee_comp","0","1534","O7",2,2,7.3356339819272
"13","DET_Task_sein-e_Lieblingsavocado.wav","TARGET","1","1711","O7",2,2,7.44483327389219
"14","DET_Task_ihr-e_Lieblingspizza.wav","TARGET","1","1885","O7",2,2,7.54168309988211
"15","DET_Task_ihr-0_Lieblingshammer.wav","TARGET","1","1118","O7",2,2,7.01929665371504
"16","DET_Task_ihr-e_Lieblingsfeder.wav","TARGET","1","1390","O7",2,2,7.23705902612474
"17","DET_Task_sein-0_Lieblingstisch.wav","TARGET","1","1637","O7",2,2,7.40062057737113
"18","DET_Task_ihr-e_Lieblingsgeige.wav","TARGET","1","1119","O7",2,2,7.02019070831193
"19","DET_Task_ihr-0_Lieblingsmantel.wav","TARGET","1","1101","O7",2,2,7.00397413672268
"20","DET_Task_sein-0_Lieblingspullover.wav","TARGET","1","851","O7",2,2,6.74641212857337
"21","DET_Task_ihr-e_Lieblingskatze.wav","TARGET","1","827","O7",2,2,6.71780469502369
"22","DET_Task_sein-0_Lieblingskoffer.wav","TARGET","1","724","O7",2,2,6.58479139238572
"23","DET_Task_sein-0_Lieblingskaese.wav","TARGET","1","1257","O7",2,2,7.13648320859025
"24","DET_Task_ihr-e_Lieblingskruecke.wav","TARGET","1","1431","O7",2,2,7.26612877955645
"25","DET_Task_ihr-0_Lieblingsapfel.wav","TARGET","1","1052","O7",2,2,6.95844839329766
"26","DET_Task_sein-0_Lieblingsschuh.wav","Possessee_comp","0","1022","O7",2,2,6.92951677076365
"27","DET_Task_ihr-e_Lieblingszwiebel.wav","TARGET","1","1460","O7",2,2,7.28619171470238
"28","DET_Task_sein-e_Lieblingsdusche.wav","TARGET","1","1266","O7",2,2,7.14361760270412
"29","DET_Task_ihr-0_Lieblingsguertel.wav","TARGET","1","1237","O7",2,2,7.12044437239249
"30","DET_Task_ihr-0_Lieblingsdelfin.wav","TARGET","1","1344","O7",2,2,7.20340552108309
"31","DET_Task_sein-e_Lieblingslampe.wav","TARGET","1","1251","O7",2,2,7.13169851046691
"32","DET_Task_ihr-e_Lieblingskirsche.wav","TARGET","1","1805","O7",2,2,7.49831587076698
"33","DET_Task_ihr-e_Lieblingskerze.wav","TARGET","1","1873","O7",2,2,7.53529670244409
"34","DET_Task_sein-0_Lieblingsring.wav","TARGET","1","1099","O7",2,2,7.00215595440362
"35","DET_Task_sein-0_Lieblingsschlitten.wav","TARGET","1","933","O7",2,2,6.83840520084734
"36","DET_Task_sein-e_Lieblingsgeige.wav","TARGET","1","1319","O7",2,2,7.18462915271731
"37","DET_Task_ihr-e_Lieblingswurst.wav","TARGET","1","1676","O7",2,2,7.42416528104203
"38","DET_Task_sein-e_Lieblingsgabel.wav","TARGET","1","1229","O7",2,2,7.11395610956603
"39","DET_Task_ihr-e_Lieblingstreppe.wav","TARGET","1","1167","O7",2,2,7.06219163228656
"40","DET_Task_sein-e_Lieblingszeitung.wav","TARGET","1","1074","O7",2,2,6.97914527506881
"41","DET_Task_sein-e_Lieblingstasse.wav","TARGET","1","1390","O7",2,2,7.23705902612474
"42","DET_Task_ihr-0_Lieblingspinguin.wav","TARGET","1","1249","O7",2,2,7.13009851012558
"43","DET_Task_sein-e_Lieblingszwiebel.wav","TARGET","1","1072","O7",2,2,6.97728134163075
"44","DET_Task_ihr-0_Lieblingsfaecher.wav","TARGET","1","965","O7",2,2,6.87212810133899
"45","DET_Task_ihr-e_Lieblingsavocado.wav","TARGET","1","1463","O7",2,2,7.28824440102012
"46","DET_Task_ihr-e_Lieblingsschere.wav","TARGET","1","1135","O7",2,2,7.0343879299155
"47","DET_Task_sein-0_Lieblingsspargel.wav","TARGET","1","777","O7",2,2,6.65544035036765
"48","DET_Task_sein-e_Lieblingskirsche.wav","TARGET","1","888","O7",2,2,6.78897174299217
"49","DET_Task_ihr-0_Lieblingspinsel.wav","TARGET","1","1021","O7",2,2,6.92853781816467
"50","DET_Task_sein-e_Lieblingskerze.wav","TARGET","1","1424","O7",2,2,7.26122509197192
"51","DET_Task_ihr-e_Lieblingsweste.wav","TARGET","1","1900","O7",2,2,7.54960916515453
"52","DET_Task_sein-0_Lieblingsguertel.wav","TARGET","1","915","O7",2,2,6.81892406527552
"53","DET_Task_sein-0_Lieblingsdrachen.wav","TARGET","1","744","O7",2,2,6.61204103483309
"54","DET_Task_ihr-0_Lieblingsschuh.wav","TARGET","1","382","O7",2,2,5.94542060860658
"55","DET_Task_sein-0_Lieblingsspiegel.wav","TARGET","1","622","O7",2,2,6.43294009273918
"56","DET_Task_sein-e_Lieblingsantenne.wav","TARGET","1","945","O7",2,2,6.85118492749374
"57","DET_Task_ihr-0_Lieblingstisch.wav","TARGET","1","1308","O7",2,2,7.17625453201714
"58","DET_Task_sein-0_Lieblingszirkel.wav","TARGET","1","850","O7",2,2,6.74523634948436
"59","DET_Task_sein-e_Lieblingsschuerze.wav","TARGET","1","1114","O7",2,2,7.01571242048723
"60","DET_Task_ihr-0_Lieblingshut.wav","TARGET","1","548","O7",2,2,6.30627528694802
"61","DET_Task_ihr-0_Lieblingskaese.wav","TARGET","1","1017","O7",2,2,6.92461239604856
"62","DET_Task_ihr-e_Lieblingsraupe.wav","TARGET","1","1458","O7",2,2,7.2848209125686
"63","DET_Task_sein-e_Lieblingskatze.wav","TARGET","1","980","O7",2,2,6.88755257166462
"64","DET_Task_sein-0_Lieblingsfaecher.wav","TARGET","1","835","O7",2,2,6.72743172485086
"65","DET_Task_ihr-0_Lieblingsloeffel.wav","TARGET","1","646","O7",2,2,6.4707995037826
"66","DET_Task_sein-e_Lieblingsglocke.wav","TARGET","1","1034","O7",2,2,6.94119005506837
"67","DET_Task_sein-0_Lieblingsroboter.wav","TARGET","1","980","O7",2,2,6.88755257166462
"68","DET_Task_ihr-e_Lieblingsameise.wav","TARGET","1","1153","O7",2,2,7.05012252026906
"69","DET_Task_sein-e_Lieblingskette.wav","TARGET","1","774","O7",2,2,6.65157187358973
"70","DET_Task_ihr-e_Lieblingskuh.wav","TARGET","1","962","O7",2,2,6.86901445066571
"71","DET_Task_sein-e_Lieblingswurst.wav","TARGET","1","983","O7",2,2,6.89060912014717
"72","DET_Task_ihr-0_Lieblingshonig.wav","TARGET","1","1010","O7",2,2,6.9177056098353
"73","DET_Task_sein-0_Lieblingsnagel.wav","TARGET","1","617","O7",2,2,6.42486902390539
"74","DET_Task_sein-e_Lieblingsangel.wav","TARGET","1","1158","O7",2,2,7.05444965813294
"75","DET_Task_ihr-e_Lieblingsqualle.wav","TARGET","1","1046","O7",2,2,6.95272864462487
"76","DET_Task_ihr-0_Lieblingstoaster.wav","TARGET","1","963","O7",2,2,6.87005341179813
"77","DET_Task_ihr-0_Lieblingsteppich.wav","TARGET","1","751","O7",2,2,6.62140565176413
"78","DET_Task_sein-e_Lieblingstreppe.wav","TARGET","1","995","O7",2,2,6.90274273715859
"79","DET_Task_ihr-0_Lieblingskoffer.wav","TARGET","1","666","O7",2,2,6.50128967054039
"80","DET_Task_ihr-0_Lieblingskuerbis.wav","TARGET","1","549","O7",2,2,6.30809844150953
"81","DET_Task_sein-e_Lieblingstrommel.wav","TARGET","1","507","O7",2,2,6.22851100359118
"82","DET_Task_ihr-0_Lieblingsfuchs.wav","Possessor_comp","0","394","O7",2,2,5.97635090929793
"83","DET_Task_sein-e_Lieblingsharfe.wav","TARGET","1","1504","O7",2,2,7.31588350450979
"84","DET_Task_sein-0_Lieblingsdiamant.wav","TARGET","1","864","O7",2,2,6.76157276880406
"85","DET_Task_sein-0_Lieblingskalender.wav","TARGET","1","714","O7",2,2,6.57088296233958
"86","DET_Task_ihr-0_Lieblingsknoten.wav","TARGET","1","780","O7",2,2,6.65929391968364
"87","DET_Task_ihr-0_Lieblingstrichter.wav","TARGET","1","738","O7",2,2,6.60394382460047
"88","DET_Task_sein-0_Lieblingswuerfel.wav","TARGET","1","313","O7",2,2,5.74620319054015
"89","DET_Task_ihr-e_Lieblingsbrille.wav","TARGET","1","811","O7",2,2,6.69826805411541
"90","DET_Task_sein-0_Lieblingshut.wav","TARGET","1","706","O7",2,2,6.55961523749324
"91","DET_Task_sein-e_Lieblingsmilch.wav","TARGET","1","759","O7",2,2,6.63200177739563
"92","DET_Task_ihr-e_Lieblingsschnecke.wav","TARGET","1","806","O7",2,2,6.69208374250663
"93","DET_Task_ihr-e_Lieblingssaeule.wav","TARGET","1","1094","O7",2,2,6.99759598298193
"94","DET_Task_sein-0_Lieblingskuerbis.wav","TARGET","1","457","O7",2,2,6.12468339089421
"95","DET_Task_ihr-0_Lieblingsspargel.wav","TARGET","1","1052","O7",2,2,6.95844839329766
"96","DET_Task_sein-e_Lieblingsfeder.wav","TARGET","1","833","O7",2,2,6.72503364216684
"97","DET_Task_ihr-e_Lieblingsmuenze.wav","TARGET","1","924","O7",2,2,6.82871207164168
"98","DET_Task_sein-0_Lieblingsteller.wav","TARGET","1","2123","O7",2,2,7.66058546170326
"99","DET_Task_ihr-e_Lieblingskette.wav","TARGET","1","853","O7",2,2,6.74875954749168
"100","DET_Task_ihr-e_Lieblingsmaus.wav","TARGET","1","976","O7",2,2,6.88346258641309
"101","DET_Task_sein-e_Lieblingstrompete.wav","TARGET","1","969","O7",2,2,6.87626461189077
"102","DET_Task_ihr-0_Lieblingskalender.wav","TARGET","1","976","O7",2,2,6.88346258641309
"103","DET_Task_ihr-e_Lieblingssaege.wav","TARGET","1","1330","O7",2,2,7.1929342212158
"104","DET_Task_ihr-e_Lieblingsangel.wav","TARGET","1","986","O7",2,2,6.89365635460264
